"id","nama","daerah","no2_abs_energy","no2_auc","no2_autocorr","no2_average_power","no2_calc_centroid","no2_calc_max","no2_calc_mean","no2_calc_median","no2_calc_min","no2_calc_std","no2_calc_var","no2_dfa","no2_distance","no2_ecdf","no2_ecdf_percentile","no2_ecdf_percentile_count","no2_ecdf_slope","no2_entropy","no2_fundamental_frequency","no2_higuchi_fractal_dimension","no2_hist_mode","no2_human_range_energy","no2_hurst_exponent","no2_interq_range","no2_kurtosis","no2_lempel_ziv","no2_lpcc","no2_max_frequency","no2_max_power_spectrum","no2_maximum_fractal_length","no2_mean_abs_deviation","no2_mean_abs_diff","no2_mean_diff","no2_median_abs_deviation","no2_median_abs_diff","no2_median_diff","no2_median_frequency","no2_mfcc","no2_mse","no2_negative_turning","no2_neighbourhood_peaks","no2_petrosian_fractal_dimension","no2_pk_pk_distance","no2_positive_turning","no2_power_bandwidth","no2_rms","no2_skewness","no2_slope","no2_spectral_centroid","no2_spectral_decrease","no2_spectral_distance","no2_spectral_entropy","no2_spectral_kurtosis","no2_spectral_positive_turning","no2_spectral_roll_off","no2_spectral_roll_on","no2_spectral_skewness","no2_spectral_slope","no2_spectral_spread","no2_spectral_variation","no2_spectrogram_mean_coeff","no2_sum_abs_diff","no2_wavelet_abs_mean","no2_wavelet_energy","no2_wavelet_entropy","no2_wavelet_std","no2_wavelet_var","no2_zero_cross","so2_abs_energy","so2_auc","so2_autocorr","so2_average_power","so2_calc_centroid","so2_calc_max","so2_calc_mean","so2_calc_median","so2_calc_min","so2_calc_std","so2_calc_var","so2_dfa","so2_distance","so2_ecdf","so2_ecdf_percentile","so2_ecdf_percentile_count","so2_ecdf_slope","so2_entropy","so2_fundamental_frequency","so2_higuchi_fractal_dimension","so2_hist_mode","so2_human_range_energy","so2_hurst_exponent","so2_interq_range","so2_kurtosis","so2_lempel_ziv","so2_lpcc","so2_max_frequency","so2_max_power_spectrum","so2_maximum_fractal_length","so2_mean_abs_deviation","so2_mean_abs_diff","so2_mean_diff","so2_median_abs_deviation","so2_median_abs_diff","so2_median_diff","so2_median_frequency","so2_mfcc","so2_mse","so2_negative_turning","so2_neighbourhood_peaks","so2_petrosian_fractal_dimension","so2_pk_pk_distance","so2_positive_turning","so2_power_bandwidth","so2_rms","so2_skewness","so2_slope","so2_spectral_centroid","so2_spectral_decrease","so2_spectral_distance","so2_spectral_entropy","so2_spectral_kurtosis","so2_spectral_positive_turning","so2_spectral_roll_off","so2_spectral_roll_on","so2_spectral_skewness","so2_spectral_slope","so2_spectral_spread","so2_spectral_variation","so2_spectrogram_mean_coeff","so2_sum_abs_diff","so2_wavelet_abs_mean","so2_wavelet_energy","so2_wavelet_entropy","so2_wavelet_std","so2_wavelet_var","so2_zero_cross","co_abs_energy","co_auc","co_autocorr","co_average_power","co_calc_centroid","co_calc_max","co_calc_mean","co_calc_median","co_calc_min","co_calc_std","co_calc_var","co_dfa","co_distance","co_ecdf","co_ecdf_percentile","co_ecdf_percentile_count","co_ecdf_slope","co_entropy","co_fundamental_frequency","co_higuchi_fractal_dimension","co_hist_mode","co_human_range_energy","co_hurst_exponent","co_interq_range","co_kurtosis","co_lempel_ziv","co_lpcc","co_max_frequency","co_max_power_spectrum","co_maximum_fractal_length","co_mean_abs_deviation","co_mean_abs_diff","co_mean_diff","co_median_abs_deviation","co_median_abs_diff","co_median_diff","co_median_frequency","co_mfcc","co_mse","co_negative_turning","co_neighbourhood_peaks","co_petrosian_fractal_dimension","co_pk_pk_distance","co_positive_turning","co_power_bandwidth","co_rms","co_skewness","co_slope","co_spectral_centroid","co_spectral_decrease","co_spectral_distance","co_spectral_entropy","co_spectral_kurtosis","co_spectral_positive_turning","co_spectral_roll_off","co_spectral_roll_on","co_spectral_skewness","co_spectral_slope","co_spectral_spread","co_spectral_variation","co_spectrogram_mean_coeff","co_sum_abs_diff","co_wavelet_abs_mean","co_wavelet_energy","co_wavelet_entropy","co_wavelet_std","co_wavelet_var","co_zero_cross"
1,"Muhammad Ali Murtadho","Baron Nganjuk",0.0000003327523589749999,0.010369545,17,0.0000000009116502985616436,203.67139246492795,0.0000551,0.000028400396174863388,0.000028125,0.00000512,0.000010128027836759296,0.00000000010257694786217116,1.0111873717963482,365.0000000088079,0.015027322404371584,0.0000284,182.5,34722.222222222226,0.9278503357686025,0.00273224043715847,1.8402217765335815,0.000027611,0,0.8030928883290134,0.000014499999999999997,-0.4153972696574031,0.1721311475409836,0.7482000167589987,0.4344262295081967,122.0040479667109,-2.695205876984811,0.000008224978948311384,0.000004563671232876712,0.000000012054794520547969,0.000007108333333333333,0.000002500000000000003,0.00000039999999999999956,0.040983606557377046,24.367022008749775,1.2835787834222159,67,16,1.0240409199302392,0.00004998,68,0.3224043715846995,0.000030152271071204005,0.10277620455377064,0.000000028533078660091594,0.12009617793696398,-2.5271552246904143,-1.5898224673574453,0.6218784399985978,2.7172292481649336,61,0.4344262295081967,0,1.054667370934429,-0.033521597326724696,0.15038401443157448,0.26412185458590776,0.0000000001212041089118446,0.00166574,0.0000018356028364569003,0.00001427502471396925,2.123943337276369,0.000014139952706780993,0.00000000022452865685211698,0,0.000008979465984823278,0.0385608673333326,2,0.000000024601276670748707,182.9778638300843,0.000417635,0.00007236448274134592,0.000048616666666666665,-0.000283754,0.0001389152320856162,0.000000019297441705400613,0.8872548995897878,365.0000033396443,0.015027322404371584,0.0000740145,182.5,2209.873123817718,0.9946242373471591,0.00273224043715847,1.9253324731598662,0.000031871049999999983,0,0.747387298714083,0.0001788985,-0.14803487859145026,0.19398907103825136,0.25785782939492413,0.45081967213114754,30.600468752021698,-1.3718210684380827,0.00011057402534214975,0.00009070859452054793,-0.0000013514027397260294,0.000085129,0.000051000000000000006,-0.00000141,0.1557377049180328,28.39776612640757,1.0014732015553434,73,19,1.025894029566716,0.000701389,73,0.4098360655737705,0.0001566335215329821,0.3899757743138745,0.00000002864384346306114,0.18353188705262272,-0.31778174208170323,-10.634964476587587,0.8614126631277217,2.0536399704108974,61,0.45081967213114754,0,0.5054126183454482,-0.017152053587830857,0.14581357414525406,0.2038332759230349,0.000000031389375218409524,0.033108636999999996,0.00000900096221479776,0.0001916238555691525,2.1758857582423037,0.00019135651410926604,0.000000037754232969052864,89,0.33767942411798374,11.016250945488522,10,0.0009251491071725582,186.7773797297089,0.038848145554463,0.03018640213295268,0.03009529411792745,0.0218767039477825,0.003376759339841985,0.000011402503639210078,0.7913557725828686,365.0012512989192,0.015027322404371584,0.02997668452250455,182.5,117.68021270046602,0.9978327116816761,0.00273224043715847,1.8915310367220979,0.031210996831456773,0,0.741490152141208,0.0044884336885944,-0.3165308408192473,0.18032786885245902,0.8972981560762786,0.3743169398907104,60.66992095958264,-0.07371177509988183,0.0027146124138749646,0.0019153978980064029,0.00002077125874737808,0.002249661591593899,0.001326050816310799,-0.000008287780459897282,0,13.56195502117142,1.0482056433298939,69,18,1.0247162362808873,0.016971441606680498,69,0.33879781420765026,0.030374683164957297,0.2309819662345161,0.000005568804077377424,0.0746161880569751,-7.757082731592501,-1241.1517427331298,0.6887983979911486,4.832210816035115,57,0.3743169398907104,0,1.7008376295202083,-0.045257679321607854,0.12591236871661804,0.407332901115807,0.000013915522591058343,0.699120232772337,0.0018720032063295746,0.0078673018941523,2.1307176624724637,0.007618025970442437,0.00006704005685602296,0
2,"Ainur Raftuzzaki","Nunukan",0.000000015625477836375697,0.0016955417973704811,3,0.0000000000651061576515654,124.45552307668213,0.000016599207810941152,0.000007054093401435386,0.0000069793336479051504,-0.000002158802317353548,0.000003882753392071394,0.000000000015075773903641913,0.9279812440750573,240.00000000159213,0.02282157676348548,0.000006872615892916656,120,99529.14727333756,0.9989512357832779,0.012448132780082988,1.8629655797702371,0.000006282302240379067,0,0.7792736616809639,0.000004904457000520779,-0.43741922342278006,0.2074688796680498,0.5517310192391927,0.44813278008298757,22.744884442002416,-3.1451511300420036,0.000003097828505480818,0.0000025249539115140217,0.000000014369654384912157,0.000002506099463062128,0.0000016560088624828495,-0.00000021459921602703067,0.09958506224066391,29.699816981431923,1.292171978338598,46,10,1.026874467509806,0.0000187580101282947,46,0.3526970954356846,0.000008052080949656192,-0.12197912772313803,0.0000000008198360949489524,0.14775727923131135,-1.508799186611197,-0.18504249107019566,0.8159056916692825,2.2985263597777976,39,0.44813278008298757,0,0.7764706005269575,-0.03981919431625937,0.1518863019491577,0.5889125909704506,0.000000000027239768459332334,0.0006059889387633652,0.0000006076881840351079,0.000006217721401381934,2.155115865509932,0.00000618296565839528,0.000000000041328116340329665,14,0.0000004063463104522229,0.006217947839566463,1,0.000000001693109626884262,126.76488882255411,0.0001046841789502,-0.0000018642539307271387,-0.000003884277248289436,-0.0001015329980873,0.00004101961522268503,0.000000001682608833017133,0.8392234832259701,240.00000030848776,0.02282157676348548,-0.0000001976804924197495,120,9069.910500158574,1.0000000000000004,0.008298755186721992,1.9847483645625237,-0.00000873526842042501,0,0.690222817813918,0.000053169120292295695,-0.12592142114798666,0.22406639004149378,0.08568097976986806,0.46473029045643155,10.862934147105983,-1.9798710687955392,0.00003240026817014785,0.00003855570815431789,0.0000005709266739962632,0.000025365168312418973,0.00002990656048496021,0.0000021816986759404244,0.2157676348547718,40.52645586248796,1.2550968839915362,63,12,1.0358647129926983,0.0002062171770375,63,0.43983402489626555,0.000041061956550259085,0.10773839098467479,0.00000004002503244054215,0.2309694895079134,0.016196555920235504,-0.32746093913663915,0.8983171817868822,1.775817170309817,43,0.46473029045643155,0.016597510373443983,0.18792759446397037,-0.007079400351516583,0.14622208120611485,0.2468292657096982,0.000000003046464205826844,0.009253369957036295,0.0000005418481143634628,0.000044438623865967435,2.1898004303839453,0.00004443357012909042,0.0000000019966967176462028,83,0.1838977879503261,6.6070664054713975,7,0.0007662407831263587,122.91236824302949,0.0342667326331138,0.027519712728908012,0.0274459905922412,0.022046661004424,0.002393067510145346,0.000005726772108113246,1.073490523941046,240.00041515269572,0.02282157676348548,0.0274373902939259,120,126.95738432336164,0.9989512357832779,0.008298755186721992,1.7803271102035676,0.026323686074465433,0,0.8672861580958218,0.0034342147409915993,-0.366924820260905,0.1950207468879668,0.8982844323209874,0.3651452282157676,31.511822998361847,-0.470902654058252,0.001978786228920756,0.0012218656484037646,-0.000010923940377930829,0.0017300499603151998,0.0005901735275984019,0.00023794799510919867,0,12.563537413086104,0.9835975240420233,40,10,1.0235392876627314,0.012220071628689797,40,0.3858921161825726,0.027623565316405755,0.31735825511922744,0.000008098287976597666,0.057426920257684116,-10.82742872547296,-461.1924257170312,0.7387519399538676,6.671238491519255,39,0.3651452282157676,0,2.174173427976956,-0.0753596195943195,0.11846912395828696,0.6184720812237651,0.000009190306301536505,0.2932477556169035,0.002276644952019413,0.00751210058004052,2.061382099888956,0.007134842430034796,0.00006172778741569925,0
4,"M. Hendrik Purwanto","Sreseh, Sampang",0.00000024377828631409486,0.008624710189046425,9,0.000000000675286111673393,163.94826238225713,0.00004801962859346531,0.000023864726106264027,0.0000242804916751993,-0.000007910086424089968,0.00001019291559362074,0.00000000010389552829867685,0.9214850815230475,361.0000000145037,0.015193370165745856,0.000024160913896290973,180.5,33814.57077037414,1.0000000000000002,0.0027624309392265192,1.8432723688143977,0.000022851256835565438,0,0.8167049765868959,0.000014887083693793102,-0.26028833471796453,0.17403314917127072,0.6664195703991582,0.4475138121546961,54.93781061515986,-2.6432159623068507,0.000008254853453548602,0.000005483954096916617,0.000000023319542409118216,0.000007428594403791067,0.0000026166908810409957,-0.00000039784699765732546,0.08839779005524862,34.73621578848359,0.7188831186625229,55,12,1.0200302415836022,0.00005592971501755528,56,0.3867403314917127,0.00002595035029485491,-0.26114465046238744,-0.0000000196982603711164,0.14567690031830044,-1.813619885001079,-1.3291414638759254,0.7507648072535984,2.2167419963010517,52,0.4475138121546961,0,0.7589660207595514,-0.02721308743273303,0.15658277655687997,0.3339308358225186,0.00000000012625859936056685,0.0019797074289868988,0.0000011355754627224479,0.000013481330888316606,2.1321457124505385,0.000013426362191661459,0.00000000019715020133966532,10,0.000003383721180765959,0.022926671293092116,2,0.000000009373188866387697,210.0327979176422,0.0002932171919383,0.000021112241929575732,0.000014537568471563717,-0.000249446980888,0.00009434812833422313,0.000000008901569320171038,0.8399993678678965,361.0000019411991,0.015193370165745856,0.000019963094827188696,180.5,3873.792655340085,1.0000000000000002,0.0027624309392265192,1.9279762269714575,-0.000005248103116164995,0,0.7651177320198075,0.00011332985051617485,0.1720746358324865,0.20165745856353592,0.15635061525543406,0.4558011049723757,19.921547560284115,-1.5120596271868736,0.00007395205441665945,0.00007342097882524613,-0.000000501976680130417,0.00005895275102394556,0.000045283846786866666,0.000002353254563382102,0.18232044198895025,38.311831970553634,1.1268647446060882,79,18,1.0279105844184249,0.0005426641728263,78,0.4033149171270718,0.00009668141537784795,0.14247087959802862,0.00000009570268848711576,0.20360003789273723,-0.10806121150996806,-4.822560944823477,0.8725642506371134,1.8668868165185721,59,0.4558011049723757,0.0055248618784530384,0.32186949539031895,-0.012103611084726464,0.147471219736169,0.2205205428055218,0.00000001625266574651792,0.02650497335591385,0.0000011062656475702996,0.0001324908411272839,2.167504924144062,0.0001324854437106575,0.000000018561502566928503,108,0.30012841862630946,10.334233529306934,4,0.0008313806610147077,178.34262365831626,0.0386644899845123,0.02862975005554391,0.028279859971787214,0.021544212475419,0.003069436611420631,0.000009421441111529367,1.0424843835795732,361.0011934442167,0.015193370165745856,0.028522109147161197,180.5,107.07838905806553,0.9984546721760592,0.0027624309392265192,1.8324443514189808,0.027536309603601657,0,0.8637640727803793,0.004214190738275673,-0.17799814655196666,0.17955801104972377,0.9180269082979301,0.39502762430939226,21.949312599891996,-0.11483216728651775,0.0024734914629233706,0.0016943211009380226,0.000007226965145060939,0.0021023103701216864,0.0008790008723735983,0.00009630918502807895,0,8.444975537367739,0.8041234984638576,54,16,1.0195082820753927,0.017120277509093302,53,0.3287292817679558,0.028793819290855564,0.4140328507824737,-0.000002961006019396948,0.07574492413430767,-7.546029543581277,-1158.4965128418596,0.7927698952803972,4.919090073992349,58,0.39502762430939226,0,1.7612747343928352,-0.04545511616889257,0.13032219749114177,0.6848865627335483,0.0000169779798624914,0.6116499174386262,0.0016983332042741549,0.007829948005829595,2.0985785257801983,0.0076239518560201015,0.00006752360393281078,0
6,"Okan Syailendra wahyudi","Manyar, Gresik",0.0000022192835962899863,0.0254498783668253,6,0.0000000060969329568406224,192.02947474996603,0.0001600947762198,0.00006986054453145171,0.00006230986643155727,0.000015438045011251234,0.00003463716715755668,0.000000001199733348700523,1.100841460913155,364.0000001024271,0.0150684931506849,0.00007004523104114924,182.5,9196.717127419324,0.9993562486743118,0.0027397260273972,1.8295192253892028,0.000051602227813388425,0,0.8425003905249403,0.00004354962865446313,-0.1448944053814327,0.1698630136986301,0.6493306456861699,0.4328767123287671,86.34009247078986,-2.128189876819793,0.00002789461887546285,0.000015347769567590524,-0.0000000014592692573239041,0.00002049521087125565,0.000007916851245681755,0.0000005462182646927757,0.0630136986301369,15.162960660229963,1.1338778486960277,55,15,1.019843266198463,0.0001446567312085,55,0.2931506849315068,0.0000779758233745016,0.775047685523265,0.00000003581931833974117,0.1251839254859753,-1.6797134920105303,-4.954724035437107,0.7124046552149713,2.9422728518565067,54,0.4328767123287671,0,1.0637287586473696,-0.0323822803708124,0.1435463337056815,0.3653780370637159,0.0000000016662360732850751,0.0055865881226029,0.000003527744624616882,0.00004958061635456556,2.145203585308031,0.00004941533025470787,0.000000002618572494875661,0,0.00002477941150608511,0.0639976773358604,1,0.00000006807530633539866,204.25805808888896,0.0007931484724394,0.0001113750670065,0.0000806185416877,-0.0004098672943655,0.00023555125365,0.000000055484393096098494,0.7825908664143294,364.0000136104016,0.0150684931506849,0.0001019290473777,182.5,1262.4779541601454,1.0000000000000002,0.0054794520547945,1.9096886345579176,0.000011188224016215004,0,0.7676828339256082,0.0003354326669067,-0.1296136324657206,0.1945205479452054,0.2659467587478349,0.4575342465753425,32.2728344927254,-1.1358854838031387,0.0001903072971087,0.0001780228928664,-0.000000603968726284197,0.0001681258272582,0.0000836140952742223,0.0000015350204193750037,0.1835616438356164,36.77013365562724,1.2846136840335771,72,16,1.0256369946301591,0.0012030157668049,73,0.4,0.0002605547901052,0.4250776334769285,0.0000001255641200824382,0.2018325619217992,-0.2888345918597853,-13.006351153935082,0.8813061905236512,1.7873374345301103,59,0.4575342465753425,0,0.3128007434728301,-0.0123868338214977,0.1535557776125191,0.2784110047984652,0.00000009647455045088237,0.0648003330033946,0.000006723475180871326,0.0003098445152321,2.1686402399849336,0.0003097598313127,0.00000010025579099467845,98,0.3063319171791554,10.489405833929752,3,0.0008415712010416,180.90255292030955,0.0364875681698322,0.0288268069897407,0.0288974400609731,0.0211124308407306,0.0028776249398534,0.000008280725294466588,0.9980619667541256,364.0011154267079,0.0150684931506849,0.0287581328302621,182.5,141.57614830832327,1.0000000000000002,0.0027397260273972,1.8815471484643336,0.0295687563717364,0,0.8190841055697703,0.003986157476902,-0.1547976689697949,0.1863013698630137,0.9029284414149408,0.3780821917808219,18.741802366989795,-0.0869476843575467,0.0022762122701301,0.001712676513285,0.0000225761035395849,0.0019231755286455,0.0011023636907338,0.0001117717474699,0,11.976767086339128,1.223359506978026,66,18,1.0232662962752737,0.0153751373291016,65,0.3123287671232876,0.0289700798500493,0.0529940625422371,-0.000001661543249323101,0.0774717697685524,-7.597745807670327,-1167.052697227005,0.8353112549268975,4.54516879522901,59,0.3780821917808219,0,1.6454350904617578,-0.0448290231148806,0.1277776805481169,0.6613995468574732,0.000013528361861504442,0.6234142508357762,0.0016764177631159,0.007558490543052,2.1262520896234425,0.0073475569942288,0.00006122468804715073,0
10,"Muhammad Zaidan Nabil Rafi","Kamal, Bangkalan",0.0000043976536763768775,0.04849766529205918,2,0.000000007569111319065193,325.7897429825054,0.0001552870037173,0.00008348550670853927,0.0000971888639043584,-0.0000030223736634939154,0.000024213139878474933,0.0000000005862761427745931,0.7269205581763335,581.0000001817967,0.009450171821305841,0.00007863439396230498,290.5,0,0.6380011909576067,0.001718213058419244,1.9556006827747667,0.00009987872163402212,0,0.8842298975863069,0.000032577788151690555,0.47372758289835826,0.13917525773195877,0.7734236947949805,0.4570446735395189,125.65529389580676,-2.065439531118532,0.000019981501443796124,0.000013809474650762489,0.0000000216497473104462,0.000008513383845838955,0.000004206309481811089,0,0.11855670103092783,40.54306879518794,0.049214930819356725,98,17,1.0203511474695757,0.0001583093773807939,98,0.43470790378006874,0.00008692586481109144,-0.27662233794219576,0.0000000669126307784099,0.15934619992796104,-2.273814272800744,-9.50099767859482,0.7512720176316446,1.9873787715638689,89,0.4570446735395189,0,0.6049557218396451,-0.014800274433192765,0.16118913517007602,0.3444423546725053,0.000000000770957747655537,0.008023304772093006,0.000003335644891553839,0.0000292245645300184,2.1745388727786716,0.000028987678905899206,0.0000000008775602656527092,2,0.00003637721133657095,0.11662410299688823,12,0.00000006261137923678305,258.28150101383153,0.0007978355279198876,0.00016148658085531571,0.00024073982785924154,-0.0005165543308122852,0.00019085566208795678,0.00000003642588375103235,0.790868904381894,581.0000096783829,0.009450171821305841,0.00014282138636181638,290.5,4314.917316239508,0.6814802494735578,0.001718213058419244,1.8835629312392999,0.0003377990773636272,0,0.9399230132407314,0.0002859822426923198,0.1853197378112008,0.13745704467353953,0.46165834016209956,0.4639175257731959,104.93365300624059,-1.2567993355559692,0.00016189505541291458,0.00008357046541920903,-0.0000008282248356840081,0.0000749271317042725,0.000009654285219905012,0,0.15979381443298968,32.92247534344461,0.3976585952252544,58,15,1.0122978571328711,0.0013143898587321728,58,0.34536082474226804,0.00025000759897925655,-0.37434311874262266,-0.00000042742346879425774,0.1896263419211341,-0.5072931678425815,-39.372353642611195,0.7576106797731161,1.8036233782059827,97,0.4639175257731959,0,0.3896637815058517,-0.009856693347580516,0.1584048282669361,0.14169721101229882,0.00000004000865536663088,0.04855444040856045,0.000008616892727013466,0.00020323247936488613,2.156830075327947,0.00020300346168774827,0.00000004289191808022386,83,0.42809678733074974,15.618494402642517,44,0.0007368275169203954,317.55735039476855,0.0376965887844336,0.026886779464117837,0.0262233589744603,0.0201324615627406,0.003558451953716908,0.000012662580306911682,0.882251367982384,581.0015387324619,0.009450171821305841,0.02689640850504426,290.5,79.43909423387504,0.6814802494735578,0.001718213058419244,1.8534772244681337,0.02452349336816385,0,0.9279452993921767,0.005730081085087671,-0.3729822601723112,0.13745704467353953,0.9569152941043048,0.4054982817869416,125.72221599310542,-0.07237063610325564,0.003045539834382415,0.0011912269203205573,0.00002045675113928176,0.0025547997063575974,0.00023868170293999888,0,0.001718213058419244,16.737374191688684,0.3982010332134113,63,14,1.013217590674422,0.017564127221692996,62,0.34192439862542956,0.027121236886599037,0.7504857152204871,0.000012886536810597531,0.08633184735679282,-6.094043813141621,-3011.3365604421783,0.6303764566666694,4.156576479483371,101,0.4054982817869416,0,1.5287642058879152,-0.02672070639254194,0.13500382240147274,0.39177081116049794,0.0000104723214144984,0.6921028407062437,0.0009997567803746597,0.0059227619137207635,2.1234753056245563,0.005828349682499536,0.00003879859404218669,0
11,"Triswanti Jannatul Ma'wa","Kedungpring Lamongan",0.0000003702057856558989,0.010905066434816035,8,0.0000000010142624264545176,194.28520946279207,0.0000590484996791929,0.000029874770846449072,0.000029619672053134608,0.000007337210263358429,0.000010908220959956056,0.0000000001189892845112246,1.081393135338321,365.00000001062205,0.015027322404371584,0.000029529834916632224,182.5,29752.465485270626,0.9993583051330969,0.00273224043715847,1.8594347846792394,0.00003060729050048394,0,0.8639247394959325,0.000015986562980595728,-0.45831211936334304,0.16393442622950818,0.7145582797676825,0.4371584699453552,112.59543228862998,-2.6063691462318186,0.000008868988200323961,0.000004933096865337176,-0.0000000354928338871503,0.000008045909604940494,0.0000026367251848569174,0.0000001387891946554483,0.05191256830601093,19.703701536153137,1.0788012416716302,53,16,1.019093910521821,0.00005171128941583447,53,0.30601092896174864,0.00003180394971759118,0.18268450206839237,0.00000001662610665440246,0.12149324382654854,-2.433574492752203,-1.7009826611080894,0.6511850321723337,2.8679702643948692,57,0.4371584699453552,0,1.064421496835025,-0.03316108537683896,0.1474278510111083,0.31958492638057234,0.00000000013669459998902627,0.0018005803558480693,0.0000017835307177911253,0.000016044466194265864,2.1238023546628555,0.000015923609419469288,0.0000000002814972982542015,0,0.0000075609260549972565,0.03678540355976692,2,0.000000020714865904102074,202.06208226631824,0.0003895698173437,0.000054722360537609305,0.000041936365576589196,-0.0002842966059688,0.00013290497043760429,0.00000001766373116702047,0.903382606111808,365.000003120011,0.015027322404371584,0.00005988643033557837,182.5,2457.6321644992745,0.9993583051330969,0.00546448087431694,1.8998881013272393,0.000018943284521825016,0,0.755559214668873,0.00017313664238820847,-0.23100576550297136,0.1885245901639344,0.21118306155378477,0.45901639344262296,13.577242465312443,-1.385191731462175,0.0001070377579724563,0.00008863242899144432,0.0000006017587821425671,0.0000882984240177608,0.00004837762702433981,0.0000032727906500440406,0.14754098360655737,25.863082833158973,1.3468102162910098,60,18,1.0216640049759071,0.0006738664233125,61,0.36885245901639346,0.00014372984349058678,0.07669604542703866,0.0000001122925315800492,0.18309663285845562,-0.24905753312055634,-10.103644485612385,0.8710474553661931,2.0819928369215246,58,0.45901639344262296,0.00273224043715847,0.540973683334409,-0.01726437065133155,0.14561884231799788,0.22249615628146402,0.00000003252341256819195,0.03235083658187718,0.0000013093836157928138,0.00018896545087084422,2.1748848420026508,0.00018895963530716334,0.00000003685037594040205,84,0.32591869181628164,10.81978998240081,3,0.0008929279227843333,184.78384008396063,0.0389280766248703,0.029646235043590038,0.02927999997821935,0.020191341638565,0.003404258619207443,0.000011588976746448167,1.0765547026198647,365.0015317370097,0.015027322404371584,0.029568921588361198,182.5,93.93828064210233,0.9987166102661934,0.00273224043715847,1.8819800566168872,0.028622872382402388,0,0.7921374133498507,0.00473434657112452,-0.14820828509834882,0.17759562841530055,0.906508424225064,0.40710382513661203,29.957556840735727,-0.036264846945726105,0.002701650756813696,0.0019218603710401585,0.000014741685598680551,0.0022704694420099484,0.001092663034796701,-0.00007367625155230151,0,13.220431898785419,1.4464437788795286,67,14,1.0240409199302392,0.0187367349863053,67,0.35792349726775957,0.02984104939519108,0.2681072889529959,0.00000276063266109914,0.08302125528445983,-7.020719407553888,-1213.602943826029,0.7775532526250547,4.35463209872186,56,0.40710382513661203,0,1.6023367479666148,-0.04308875715573751,0.1346646834251172,0.57388451566288,0.00001771521102012679,0.7014790354296578,0.0017738822676695765,0.007988639432747814,2.1375386858897008,0.007761488019805089,0.00006743137474373505,0
12,"Ahmad Syahrul Farihin","Gresik Kota, Gresik",0.0000015239802902418364,0.022417395692171865,3,0.00000000417528846641599,184.03973502803655,0.0001239730918314,0.0000613528625842621,0.00006047734892821278,0.00000848615491122473,0.000019992669335231294,0.00000000039970682714789774,0.8858884904989109,365.00000006533384,0.015027322404371584,0.000059312584198778495,182.5,23789.873695303126,1.0000000000000002,0.00546448087431694,1.8657558885278969,0.0000604552765253036,0,0.824001029129275,0.000023549102479591966,0.1002135711629224,0.17486338797814208,0.7157949562775664,0.45081967213114754,25.366956736613293,-2.2578925308595283,0.000015685210786263186,0.000012000547706031376,0.00000007353735607665998,0.000011809021722883419,0.000007272442962857899,0.00000029829534469171274,0.07923497267759563,28.066218364528407,0.8901034667527211,61,12,1.0216640049759071,0.00011548693692017527,61,0.4371584699453552,0.00006452813785033044,0.39150998358318134,-0.0000000023952133004401253,0.1374080982665017,-2.265656064139912,-3.2681991449244574,0.8434113035107538,2.4866317237835065,58,0.45081967213114754,0,0.9172404619252328,-0.02905426747435515,0.15496658849208256,0.6855245941680111,0.0000000007180607732911535,0.004380199912701452,0.000002944096207168166,0.00003142230563166211,2.145496462077428,0.000031247608955130036,0.0000000010400732561009996,0,0.00003044531161239211,0.07298611706154541,2,0.00000008341181263669071,198.74585771588806,0.0008350115385837,0.00014201032485029245,0.00013051908172195,-0.0006166346138343,0.00025103182894840745,0.00000006301697914518248,0.8437040395870373,365.0000145044421,0.015027322404371584,0.00013047229334583788,182.5,1512.452031159701,1.0000000000000002,0.00819672131147541,1.9191496234772902,0.00018177076999559998,0,0.780207475575011,0.00032508573692911107,0.28317308079130843,0.19672131147540983,0.2658412753414095,0.4672131147540984,13.716198938249393,-1.0962264726529845,0.000196748422180355,0.00018948265656095362,-0.0000007706171034017955,0.00016392377979677355,0.00010576915883574997,0.000017469354630027267,0.1830601092896175,34.68966344010311,1.3218728133772084,73,15,1.025558035445763,0.0014516461524180001,72,0.3989071038251366,0.00028841621228576606,0.1671735863033033,0.00000015480361381234484,0.20112159376737093,-0.3486199043568832,-14.991176285363958,0.8967307569001874,1.8100621785218152,61,0.4672131147540984,0,0.33205160717792687,-0.012613041138290652,0.15439327262220132,0.3322108047026374,0.00000010547218098555475,0.06916116964474807,0.000009115385722721614,0.00035237376404012474,2.1652749968461413,0.00035221774472872193,0.00000013026197870810703,99,0.3079690046760604,10.527943643741292,2,0.0008437506977426312,182.0654085452379,0.0385898947715759,0.028847921151118148,0.028482878580689375,0.0193852093070745,0.003040199537242297,0.000009242813226248278,0.9418919620674093,365.00141726798336,0.015027322404371584,0.02873477619141335,182.5,117.8446545772658,1.0000000000000002,0.00273224043715847,1.8793769399708544,0.02802731776610013,0,0.7730630719827205,0.0036013106672236166,0.5469137261071682,0.17759562841530055,0.8994462463326363,0.3989071038251366,19.357037409172023,-0.07321127050667102,0.0023463809521491606,0.001814567986620619,0.000015593733485430926,0.0018162250518798956,0.0010256742437680655,-0.00004600360989569924,0,17.533387365652796,1.0749554280608953,62,15,1.022004842982733,0.0192046854645014,62,0.35792349726775957,0.02900767774171828,0.35074589579746634,-0.0000009121896844733394,0.08359170002593018,-7.267824497224788,-1160.1284494085514,0.8279904174257009,4.242094372436628,54,0.3989071038251366,0,1.5592595193085732,-0.04294155425887866,0.133380314055888,0.6605948539025221,0.00001463943994301141,0.6623173151165259,0.0016860351649668922,0.007451656551508297,2.137603005149772,0.007232769578699245,0.00005850424071689945,0
13,"Rian Renaldy","Waru, Pamekasan",0.00000011231971709266666,0.0059009344806551355,5,0.0000000003077252523086758,168.84488961686313,0.00003311950422357768,0.000016135938259531433,0.000015868969057919458,-0.000002265378270749352,0.000006820261682323703,0.000000000046515969415372956,0.9304184889060765,365.0000000057869,0.015027322404371584,0.000015929018172755604,182.5,54239.95025546198,1.0000000000000002,0.00273224043715847,1.8352479337449341,0.000013657818851697811,0,0.8003320226116529,0.000008580761103379095,-0.18706109832498452,0.18032786885245902,0.6887326961930986,0.4344262295081967,41.05617806338728,-2.78407771423526,0.000005408877639153386,0.0000037065842231898483,0.000000007223932856064474,0.000004373575029603672,0.0000018478820796493291,0.00000008354699174459534,0.07377049180327869,26.4838604145652,0.8293898062853554,60,16,1.021322736901369,0.00003538488249432703,60,0.34972677595628415,0.000017518118418676795,0.06349526560604263,-0.00000000995464569763144,0.13584256464976005,-1.8486827182465404,-0.9957528210093771,0.7707565219449717,2.471541937991724,56,0.4344262295081967,0,0.8635128050869224,-0.029458252412353347,0.14881769661246297,0.42276758377828816,0.00000000007722149683103453,0.0013529032414642947,0.0000006737109335212608,0.000009847389274297498,2.1424006352829235,0.000009819850963700273,0.00000000010467913455740707,6,0.000003375006413631577,0.025228990655866756,3,0.000000009246592914059115,184.64295734285938,0.0002608241435761,0.000011282703182730463,0.000005052563178153746,-0.0001972867175936,0.00009536262164959489,0.000000009094029607883784,0.983929739814236,365.00000129401036,0.015027322404371584,0.000010709075771334298,182.5,3173.3089667324066,1.0000000000000002,0.00819672131147541,1.892654020114211,0.000008863169932765003,0,0.7955954498055947,0.00014185081535186692,-0.41735963960416766,0.19398907103825136,0.21637952235190172,0.46174863387978143,31.62286923964697,-1.5587360838540032,0.00007694156019990236,0.00005660021363416554,0.00000018759598460082498,0.00007005847758891301,0.00003384727824593197,0.0000015536912321818211,0.1284153005464481,25.337619804152265,1.0199365021183997,65,14,1.0228550659105913,0.00045811086116969997,64,0.3825136612021858,0.00009602775119200376,0.14995723682321596,0.00000007034779274776965,0.18151040901088467,-0.021109145129180627,-6.811187463486828,0.8310095970969311,2.0691675325272216,57,0.46174863387978143,0.00546448087431694,0.5936159688395088,-0.01767369469002319,0.14775332124599452,0.159843163424902,0.000000015148293703712903,0.020659077976470423,0.00000037756482051094326,0.00013804638000487423,2.1664537781167166,0.0001380457496218649,0.000000019876294819138425,95,0.27281591624345014,9.911389610543829,2,0.0007474408664204114,178.9159492235279,0.0347780734300613,0.0271575462775396,0.027190012236436176,0.0195908397436141,0.002804702915477437,0.000007866358444087636,0.8396127221274393,365.00136203155364,0.015027322404371584,0.027152650182445788,182.5,129.58034584951386,1.0000000000000002,0.00273224043715847,1.9052376273372191,0.02794381827116006,0,0.7531700627007136,0.003788604259942499,-0.07590425336749673,0.18579234972677597,0.9003288023473011,0.40710382513661203,20.98546844181017,-0.07326005385349664,0.0022279534734192122,0.0018550885846353564,-0.0000016046509350816625,0.001913646502154193,0.001133946908844833,0.0003033012151717994,0,15.188686382445717,1.3548206458578618,67,18,1.0237026322725993,0.015187233686447199,67,0.3825136612021858,0.02730199037178046,-0.10466909428960217,-0.0000043948459641118635,0.08263833590582952,-7.526397237296609,-1081.444870175053,0.8188878564597593,4.1496138806912635,58,0.40710382513661203,0,1.5557222868950087,-0.043187569253912865,0.13442324798001423,0.6439259845273962,0.000013589877763004525,0.6771073333919051,0.0015776742760583709,0.0069961178197022866,2.1396723256004564,0.006793636961385859,0.00005216130899276919,0
14,"Ahmad Dafi Zidni Alfarisi","Paciran, Lamongan",0.00000032462081439995873,0.010391989686815527,3,0.0000000008893720942464623,199.38142488762017,0.00005128389566380065,0.00002846090717465649,0.00002810724846616116,0.00000878091395861702,0.000008770340850985712,0.00000000007691887864246878,0.8403145046448222,365.00000001123306,0.015027322404371584,0.000028612427134551886,182.5,40850.85614117018,0.9993583051330969,0.00273224043715847,1.933218327444184,0.00002365695755543129,0,0.7515553471004642,0.000011689030528335328,-0.353145863716009,0.18579234972677597,0.7101976157006397,0.4344262295081967,36.37513863373532,-2.57892729309166,0.000007138935276318685,0.000005368962202008213,-0.00000004365075010895097,0.000005875335899266552,0.0000033507844818814226,-0.00000018577017928894868,0.06830601092896176,22.431434381880603,1.1532249596721678,69,19,1.0247162362808873,0.00004250298170518363,70,0.33879781420765026,0.000029781573427992046,0.1664955584542892,0.00000002207723678130818,0.1316312045788047,-2.456432287715397,-1.4978059865449702,0.7890582224317811,2.601344936994065,64,0.4344262295081967,0,0.9304383146077844,-0.030544991156867804,0.14898203605080085,0.40562811659398357,0.0000000001082967329134665,0.001959671203732998,0.000001959772317674961,0.000014403638193060804,2.159364368473629,0.000014239382701556274,0.00000000021790916030761056,0,0.000006200904046834461,0.031866225377137604,2,0.000000016988778210505372,181.06457946356136,0.0003511662410649,0.000033100695653274526,0.000026958006098235877,-0.0002661117875201,0.00012588369525466753,0.000000015846704730970006,0.749239383436822,365.0000036034928,0.015027322404371584,0.000027674884374087708,182.5,2985.196913335596,0.9993583051330966,0.00273224043715847,1.9610805103751523,0.000011663325343150017,0,0.7225037473275102,0.00016032441042108353,-0.22478480912880805,0.20765027322404372,0.12308456969462139,0.45901639344262296,12.782813881537852,-1.333449326671984,0.0000995887737403051,0.00010804669011283408,0.0000007101833433221744,0.00007849794452946905,0.00008778297827418075,0.000009015361380700017,0.18579234972677597,34.45316375441977,1.2961255128671043,83,18,1.0292315011315836,0.000617278028585,83,0.4234972677595628,0.00013016282412309867,0.15489712490733445,0.00000015482404071357782,0.20464915788385526,-0.14076204030153083,-6.66206485618644,0.8945652268474513,1.9137934784304478,58,0.45901639344262296,0.00819672131147541,0.35902498429241136,-0.011702755497891168,0.14594992121747347,0.23287715687784383,0.000000029435241713779325,0.03943704189118444,0.000002931142208995187,0.00017141258960668657,2.1827182468886983,0.00017137914034654552,0.000000030079238294848547,127,0.32617210950852393,10.840512623156709,3,0.0008936222178315724,185.07759074688573,0.0381157919764518,0.02969817797851001,0.0293240182412167,0.0214683692902326,0.00303296090136564,0.000009198851829212675,0.8442813182555977,365.00118005675256,0.015027322404371584,0.02970984904095525,182.5,99.63861250895921,0.9993583051330966,0.00273224043715847,1.8550407313269643,0.028959709499031237,0,0.7724320605554348,0.004429299081675719,-0.38622114488232695,0.18032786885245902,0.9152375715417366,0.4180327868852459,31.497270867660134,-0.12214915098128738,0.00249287599655795,0.0017836211011085874,0.000012678713388910953,0.0021020608643690496,0.0011128927063611023,-0.0000036917626857028984,0,17.339128058210758,1.3836121445073193,70,13,1.025053267749791,0.016647422686219198,71,0.3989071038251366,0.0298526485771777,0.25005342745853343,0.0000035002598194650425,0.07751697426781314,-7.749308870376574,-1202.5143541088692,0.7928065731365651,4.9590879989220795,54,0.4180327868852459,0,1.7605723847228218,-0.04450913331467479,0.133447282332006,0.5998429825559328,0.000013903348736036683,0.6510217019046344,0.001810370154871174,0.007709971342471473,2.1195423966776747,0.007473545236803333,0.00006508388441877399,0
15,"AHMAD MAULANA ISHAQ","Kertosono, Nganjuk",0.00000034785684199127024,0.010814451110164484,3,0.0000000009530324438116992,170.54160139981573,0.00005627620657833177,0.000029616253737714226,0.000029157408589526314,0.000008897073166735936,0.000008561894917255255,0.00000000007330604457412137,0.9519790925450758,365.00000001044555,0.015027322404371584,0.00002987532568946942,182.5,38659.103547781546,0.9993583051330969,0.00546448087431694,1.891324647880454,0.000025479769860794476,0,0.833773355160119,0.000012227452780659096,-0.14210338191617966,0.1830601092896175,0.7503018679317912,0.4426229508196721,25.951781738276804,-2.600423589106985,0.000006915472142582265,0.000005521149760576769,-0.000000040937917244625473,0.000006004359190114882,0.000003955823255334206,-0.00000028576135134374033,0.060109289617486336,21.695188133102793,1.0037212620618727,71,17,1.025053267749791,0.00004737913341159583,70,0.40437158469945356,0.00003082902090613312,0.3017019276360327,-0.000000015518879026345345,0.12664790735444417,-2.609257699265156,-1.563790748337233,0.8172253175249986,2.6849030303905947,66,0.4426229508196721,0,0.9933920462940303,-0.03183092778491665,0.14887000788906354,0.6305670433801537,0.00000000012919160709229624,0.0020152196626105207,0.000001412660816284622,0.000013501979353951578,2.1545483508451335,0.000013405631344766656,0.00000000019101479031098357,0,0.000009899780285185936,0.037696508327457495,1,0.00000002712268571283818,175.4652467137964,0.0005145684717717,0.00008399143012728193,0.00005988395417131999,-0.0002652334114827,0.00014140021103005166,0.000000019994019679343144,0.7385726512462706,365.0000056151987,0.015027322404371584,0.00008438813154041253,182.5,2550.970224078247,0.9993583051330966,0.00819672131147541,1.9573870220904677,0.000007697247656340047,0,0.7377088187134528,0.00016529503331727972,0.6392959195269783,0.20218579234972678,0.22989625933104185,0.4672131147540984,19.119857176892843,-1.3043498699196303,0.0001091133017001941,0.00012065897699527625,-0.0000013162521261692895,0.00007948867848499999,0.0000721126728941169,-0.000004779688765662481,0.20491803278688525,39.2353604919709,1.4303518578022214,85,15,1.0298941615982293,0.0007798018832544001,85,0.4289617486338798,0.00016446452509331374,0.7705267221785461,-0.00000004376753550694151,0.21385735968884662,-0.38013398214455996,-6.322349043340829,0.9059754099570109,1.7656982260899854,62,0.4672131147540984,0,0.20415671452221185,-0.009326584973359912,0.15228079574653677,0.3927860076720284,0.0000000362494047657753,0.04404052660327583,0.000004730385140115979,0.0001849446855950711,2.17617028236056,0.0001848786736392869,0.00000003522114723512052,108,0.3360731910186898,10.977825811861198,2,0.0009207484685443556,187.0643313926878,0.0414377362467348,0.030079510506092696,0.02966024783589606,0.0195518764667212,0.003668216195919495,0.00001345581006000609,0.7506194135987463,365.00200316812135,0.015027322404371584,0.0301469219848513,182.5,92.00690997506182,0.9984744065485794,0.00273224043715847,1.916075530532833,0.02940051336772732,0,0.7131994536096845,0.004767468528977251,0.09646925835979925,0.1830601092896175,0.883534868827935,0.4016393442622951,37.63707407107954,0.011531171225435803,0.002895604716969425,0.002374751972707704,0.000019701425470922176,0.002357637373885774,0.0016904908698053,-0.0001535021699965028,0,16.88078786176253,1.2026455594294247,79,21,1.0279013777389105,0.021885859780013603,79,0.39617486338797814,0.03030235572271811,0.33632755553900123,0.000005985826128802501,0.08536996200095327,-6.6062763078115125,-1247.1908044665051,0.7658302815326086,4.096493746523212,59,0.4016393442622951,0,1.506089336853413,-0.04248267490551196,0.1333398214923784,0.48169126950965513,0.00001836318665607171,0.8667844700383119,0.0018458148191245517,0.007962466267805064,2.1427917578973457,0.00771905550355837,0.00006776299659418376,0
16,"Rahardian Ananta","Jabon , Sidoarjo",0.00000033886817077017174,0.011103258719506893,93,0.000000000928405947315539,187.40822889125997,0.00003164104556881285,0.000030419886902758613,0.000030419886902758613,0.00002919872823670438,0.000000706965252017462,0.0000000000004997998675601136,2.087222104263049,365,0.015027322404371584,0.000030413195622396674,182.5,410572.0577602325,1.0000000000000002,0.00273224043715847,0.9999999999999966,0.000029320844103309802,0,0.9973521412160765,0.0000012211586660542339,-1.2000179164644842,0.10109289617486339,0.981298866285428,0.00819672131147541,83.4413499516037,-5.612197908519714,0.0000006122521531176025,0.0000000066912803619410075,0.0000000066912803619410075,0.0000006122521531176033,0.0000000066912803619388725,0.0000000066912803619388725,0,-0.6749016274030865,0,0,0,1,0.0000024423173321084677,0,0.00273224043715847,0.00003042810081231139,0.000000000000004289016163702308,0.000000006691280361940995,0.006944789795829568,-74.62778068580384,-1.0729851732193656,0.3109290486241735,70.53453671287171,0,0.00819672131147541,0,7.886002023854255,-0.06272023990697513,0.04277849838442501,0.21041594609867975,0.000000000000019969415387956593,0.0000024423173321084677,0.0000017721815126735388,0.000006496640919811376,1.9303007511358272,0.000006239029991279201,0.00000000004880732746462896,0,0.000006967344370853512,0.048833579903933236,93,0.000000019088614714667157,232.56662273771494,0.00019202293477117043,0.0001337906298737897,0.0001337906298737897,0.00007555832497640893,0.00003371242185944254,0.000000001136527387629019,2.0872221042630414,365.00000000001864,0.015027322404371584,0.0001334715487510643,182.5,8609.888055387237,1.0000000000000002,0.00273224043715847,0.9999999999999987,0.00008138155546614701,0,0.9973521412160886,0.00005823230489738076,-1.2000179164644846,0.10109289617486339,0.9624261626825387,0.30327868852459017,83.44134995160371,-3.9338060240441846,0.000029195922729371715,0.000000319081122725374,0.000000319081122725374,0.000029195922729371732,0.00000031908112272538034,0.00000031908112272538034,0,-2.1796763529793206,0,0,0,1,0.00011646460979476151,0,0.00273224043715847,0.0001379726785622951,-0.0000000000000006912429141049219,0.00000031908112272537383,0.04413231462198578,-6.635899708533273,-6.826679333492457,0.3109290486241735,10.082604685378069,0,0.30327868852459017,0,2.764170460424327,-0.053124023159826006,0.09993996795674424,0.12575166368758484,0.000000000045409750935204655,0.00011646460979476151,0.000007785963547685483,0.00003134769165432704,1.9303049868602502,0.00003032216750276887,0.0000000011568949814569986,0,0.31598804246698753,10.723948280811886,93,0.0008657206642931166,185.10209014274554,0.030005716527541002,0.02938068022140243,0.02938068022140243,0.02875564391526386,0.0003618521998595828,0.00000013093701454321944,2.0872221042630428,365.0000000021407,0.015027322404371584,0.029377255364930438,182.5,802.1512053772981,1.0000000000000002,0.00273224043715847,1.0000000000000007,0.028818147545877713,0,0.9973521412160693,0.0006250363061385718,-1.2000179164644842,0.10109289617486339,0.9814265983312648,0,83.44134995160374,-2.9030647596356376,0.0003133743671872835,0.000003424856471992174,0.000003424856471992174,0.000313374367187284,0.0000034248564719924213,0.0000034248564719924213,0,-0.6485194917743361,0,0,0,1,0.0012500726122771436,0,0.00273224043715847,0.0293829084211698,-0.000000000000005628693713455095,0.000003424856471992194,0.003808797627773467,-141.06379347386343,-1014.2260245306394,0.3109290486241736,129.77745003085056,0,0,0,10.752789124917072,-0.06352948065915506,0.03186830332626267,0.21503502748626246,0.000000005231565277991949,0.0012500726122771436,0.0017117273806680877,0.006270763387745005,1.930300548600947,0.006021761628619713,0.000045465917420014346,0
17,"Verdi Setyawan Ardiansyah Putra","Menganti, Gresik",0.0000009056374067607862,0.016844241110641197,3,0.0000000024811983746870854,189.6603607756128,0.0001034645186986,0.000046130442825154536,0.00004236856410508543,0.00001263748415820171,0.000018611861511152,0.0000000003464013889103012,0.9240833563957319,365.00000003191496,0.015027322404371584,0.000045603458948822756,182.5,16211.282120971076,1.0000000000000002,0.00273224043715847,1.8980628821115932,0.000035344242793301285,0,0.8352884437323769,0.00002581529063740715,-0.0734721192519392,0.16939890710382513,0.6688949026103033,0.4262295081967213,91.15673099617884,-2.3260262079132765,0.000015027064621804005,0.000008772840395506039,0.00000005937909001815751,0.000012202490250144487,0.000003891059956610359,-0.0000004236843418918119,0.06830601092896176,12.781538078837015,1.0882548663551452,59,15,1.0209810373074868,0.0000908270345403983,59,0.3087431693989071,0.00004974353369187952,0.7224862524086356,0.000000018810298541799284,0.12134140415143228,-2.0727709789059143,-2.946002329582785,0.7137236088054022,3.0882834730885818,65,0.4262295081967213,0,1.0992904416996983,-0.03320026750686895,0.14003846399496578,0.3510176323383717,0.0000000004891453630389633,0.003202086744359704,0.0000029775871805383807,0.000029141855652938498,2.140529987818694,0.000028944847501319394,0.0000000008979776133189835,0,0.000010912183441751794,0.042160606359693764,2,0.00000002989639299110081,172.14870521705123,0.0004612348566297,0.00008686927128681846,0.0000648983790300435,-0.000302355839033,0.0001492261323071213,0.000000022268438563342474,0.828263351223915,365.0000042864658,0.015027322404371584,0.00009018636827109608,182.5,2319.1711668086373,1.0000000000000002,0.00546448087431694,1.8549719162904843,0.00004125997401521498,0,0.766746655798706,0.00017987160452080108,0.07446454287786164,0.19672131147540983,0.3153151063122461,0.46174863387978143,27.75197276022219,-1.3896114556948556,0.00011736156996695784,0.00010630469914956274,0.0000005442770710901368,0.00008384649313897124,0.00007025736751009999,-0.0000020617367596000036,0.16939890710382513,40.29514634382072,1.2739442639048095,81,16,1.0282345121346654,0.0007635906956626999,80,0.4262295081967213,0.00017266936282168106,0.29989916581789433,-0.0000000720744162040835,0.19005313195455262,-0.3794383814327245,-10.09282358570201,0.8349297060849431,1.8562823058263462,53,0.46174863387978143,0,0.40319386512237804,-0.015469250555558447,0.15450773499083448,0.29242319679129036,0.00000004194985600529728,0.0388012151895904,0.000006563251791561269,0.00020393117829349517,2.1575155491818787,0.00020381086916687648,0.00000004519175359860338,100,0.31194611244802056,10.59936540898784,3,0.0008546468834192344,183.61450125668776,0.0367012741310256,0.029041322921036773,0.028905091966901497,0.0207940568445158,0.0029855226746633343,0.00000891334564092891,0.9878743329546728,365.0013240042741,0.015027322404371584,0.02892366786490608,182.5,129.72900647489072,1.0000000000000002,0.00273224043715847,1.9169111829103886,0.02954302635209619,0,0.748064225063224,0.00399703465558314,-0.2571971491230296,0.19398907103825136,0.9110704568173517,0.41530054644808745,32.511316788827514,-0.043733162382499365,0.002403338742958901,0.001942678263246217,0.000018990284090361908,0.0020326555601576004,0.0012715784360057616,-0.00019892024119259888,0,14.603932895694674,1.4327855817744017,74,17,1.026061871834679,0.0159072172865098,74,0.3879781420765027,0.029194379298845607,0.2119652702478344,0.0000014513507935282423,0.08243644654051266,-7.475631678294244,-1161.0494778157872,0.814954429370673,4.4105086994024845,61,0.41530054644808745,0,1.6208675699087614,-0.043239666674152084,0.1351352428873905,0.5924561133665143,0.00001471603976074014,0.7090775660848692,0.0017146069821685566,0.007520487217842564,2.1391205801802813,0.007297215156273619,0.00006027231772559756,0
19,"A.Choiril Anwar El-Asfihani Risydan","Banyu Ajuh, Perumnas, Kamal",0.0000008004752200000001,0.01574083,11,0.000000002193082794520548,166.6377444466051,0.0000826,0.00004304207650273224,0.0000428,-0.0000107,0.000018288532345715102,0.00000000033447041536026753,1.064938505016166,365.0000000236846,0.015027322404371584,0.00004265,182.5,16778.523489932883,0.9407093233870728,0.00273224043715847,1.7865946782787752,0.000040615,0,0.8802090638764604,0.000029249999999999996,-0.7657198791127189,0.15300546448087432,0.7187015086474725,0.4207650273224044,84.4374021446491,-2.4887392067046132,0.000015275323240467018,0.000007368602739726027,-0.000000029041095890410923,0.000014399999999999998,0.0000044999999999999976,0.00000039999999999999617,0.04918032786885246,17.63359226106642,0.8123486844539136,60,18,1.0228550659105913,0.0000933,60,0.24863387978142076,0.00004676634222416077,-0.04901045727719365,-0.00000003353549974881462,0.11701819778461353,-2.1175909154416916,-2.776324865921281,0.625413449774202,2.9522789561157885,57,0.4207650273224044,0,1.0986783081238984,-0.03431586811574486,0.1426153647352997,0.24744917251880227,0.0000000004387982205625766,0.00268954,0.000001497576758765284,0.000025125295035568473,2.1182374400981927,0.000025072590418260906,0.0000000006998187845974653,2,0.00001642135817926275,0.052793137000000004,2,0.00000004499002240893904,197.23962409682102,0.000622951,0.000044689870218579236,0.00004135,-0.000517922,0.00020705051159147423,0.00000004286991435029121,0.8164397140821735,365.0000090794696,0.015027322404371584,0.00003575349999999999,182.5,1767.2965311503685,0.9974332205323865,0.00273224043715847,1.931994370489736,0.00010955814999999994,0,0.7674632443397092,0.00028565775,0.018456064984758047,0.1912568306010929,0.16643714339832208,0.4672131147540984,13.006315222708196,-1.170906629346204,0.00016476130180805636,0.00015099323561643834,0.000000809049315068495,0.0001434645,0.000094716,0.000006299999999999997,0.17486338797814208,33.782916375961925,1.1666615057440586,71,19,1.0253898832529524,0.001140873,72,0.3633879781420765,0.00021181855171453862,0.20319940021266103,0.0000003293336010808621,0.2004437402922318,-0.10217952525484576,-11.640932498920597,0.8784790250337734,1.9072580009218605,62,0.4672131147540984,0.00546448087431694,0.4028425119028102,-0.012787960789454635,0.14972994910159493,0.2235669595551285,0.0000000704476209379873,0.055112531,0.000007115014944772557,0.00028308209524462803,2.173141932208232,0.000282962383005941,0.00000008287087688555795,104,0.3059613100694778,10.484809522499999,3,0.0008382501645739118,183.44725566985454,0.036737002,0.028734503079234974,0.028761234,0.020132462,0.0032075218420525523,0.000010288196367244199,0.8971159235193802,365.0014461615111,0.015027322404371584,0.028611115,182.5,123.44337899092459,0.9993583051330969,0.00273224043715847,1.8744425972013379,0.029264959,0,0.7885922482822162,0.004303410249999997,-0.27057178585728137,0.1912568306010929,0.8939576211363484,0.3989071038251366,17.744317733081886,-0.05411402805658247,0.002556153012795246,0.0018917171589041097,0.00002448747123287669,0.002159738999999999,0.001146633000000001,-0.00006157000000000037,0,15.670187356831837,1.047147540412181,58,13,1.0206389047348732,0.016604539999999997,57,0.3469945355191257,0.02891297050767714,0.062043513402576196,0.0000011718300445891797,0.08442237686414139,-6.818429190993456,-1182.9775819858646,0.8234969668704382,4.351635311888761,57,0.3989071038251366,0,1.5775043918858764,-0.042727198637643425,0.13391426831287548,0.6818558062648887,0.000016805387020121787,0.690476763,0.0016379293268548342,0.0073378091844355075,2.1289046813366195,0.007128429797026847,0.00005695178658942394,0
20,"Muhammad Isa","Bandung - Jogoroto, Jombang",0.00000043137795762857573,0.01180508658075,11,0.000000001188369029279823,199.15550101437748,0.00006215173,0.00003252687577129121,0.0000330929145,0.0000040913765,0.000011274157696181682,0.00000000012710663175837267,1.079159823121228,363.0000000104851,0.015109890109890112,0.000032662950500000003,181.5,36026.787213257405,1,0.0027472527472527475,1.813646942328923,0.000036024570925000004,0,0.8455191792490813,0.000014643255,-0.13612434501929727,0.17032967032967034,0.7263999882492352,0.42582417582417587,124.05242294827056,-2.6732073118244957,0.00000890541329370698,0.000004514758074380165,0.000000012433057851239704,0.000007479482999999999,0.0000018273800000000008,0.00000007098800000000034,0.038461538461538464,19.233742311031495,0.8150948233477905,42,13,1.0150237608655512,0.00005806035350000001,41,0.23626373626373628,0.00003442534355964199,0.05536398918889319,0.000000026574839795470177,0.11499316839841664,-2.569987404425247,-1.8507556312201976,0.6470710784704522,3.0610835404008454,57,0.42582417582417587,0,1.1290764788990333,-0.035026718961494174,0.1435708344342912,0.30494208650160637,0.00000000014834075865699835,0.001638857181,0.000002009100950725463,0.000015910393461139265,2.127769552409205,0.000015761354800135256,0.0000000002716751930170045,0,0.000015880129682195,0.053997541938340006,5,0.000000043626729896140106,204.587522378149,0.0005315757,0.00006561273967879453,0.000044791876,-0.0003877123,0.000197995386311389,0.00000003920217300059617,0.9205699238025761,364.00000552543577,0.01506849315068493,0.0000707943275,182.5,1819.4005651523921,0.9993562486743118,0.0027397260273972603,1.8457466964963336,0.000025967299999999944,0,0.8144872780079104,0.000222113792,-0.16730385140469073,0.1863013698630137,0.30707525656895585,0.4575342465753425,44.70411651202807,-1.3225621348688241,0.00015360598543463072,0.000115671886590989,-0.0000009216604120879108,0.000116748174,0.000067968091,-0.000008208040000000003,0.15342465753424658,31.357180159406813,0.8948604472982263,66,16,1.0234363180609005,0.000919288,65,0.39452054794520547,0.0002085838071585458,0.10717680763325241,0.0000003135283296322932,0.18215801819930308,-0.18038342367891327,-13.757658244375296,0.7844123807494603,1.9625418854363035,56,0.4575342465753425,0.0027397260273972603,0.48460897992560004,-0.017519362013499056,0.1503042733459164,0.22015717187189732,0.00000005102436950736694,0.042104566719119996,0.0000031824121180686973,0.00026423221271968,2.1552802681905328,0.000264208278384249,0.00000007468420628955987,78,0.3252991823548903,10.7914587335,4,0.0008936790724035448,188.79605778689842,0.03845658,0.029652916189041097,0.029662667,0.020692801,0.0034547356012356563,0.000011935198074445092,0.9323051017205537,364.0012340595355,0.01506849315068493,0.029417929000000002,182.5,116.98194079590778,0.9993562486743118,0.0027397260273972603,1.8927043228075848,0.03046287945,0,0.8143409489220622,0.004960994,-0.3222889680896244,0.18356164383561643,0.9095236287973383,0.37534246575342467,58.22167093738604,-0.06138453612046428,0.0027705461573503468,0.0018249192719780219,0.000007641271978021983,0.002574591000000001,0.0011972110000000018,-0.00014322099999999893,0,14.911135193139458,1.0023503805869753,60,15,1.0215601941229049,0.017763778999999997,60,0.29863013698630136,0.029853486171446383,0.2807723135613451,0.000008654626643436726,0.07514399631539304,-7.084371526441934,-1251.7821603613397,0.7305539895329254,4.913160306912134,55,0.37534246575342467,0,1.7149686870089855,-0.045436272921607915,0.12451249147704453,0.4141656315151686,0.000014518596315965106,0.664270615,0.0018276674175588953,0.007996082323326319,2.127659482958528,0.007760305747961719,0.0000684862232004817,0
21,"Mochammad Zaenal Abidin","Widang, Tuban",0.000000398930734378148,0.011463475070937191,4,0.0000000010929609161045152,200.94878300127286,0.00005897436240047682,0.00003140218952064175,0.00003107820592712963,0.00001062830961018335,0.000010192015374939245,0.00000000010387717740299796,0.8576697130899653,365.0000000145726,0.015027322404371584,0.00003124035399461415,182.5,33297.99337511083,0.9993583051330966,0.00273224043715847,1.893494632441658,0.000027549428086786065,0,0.7812065697959506,0.000014906824789509947,-0.3086132931938437,0.18579234972677597,0.7301304949684853,0.43169398907103823,67.1674208744683,-2.5676345304034727,0.000008317524402546862,0.000006169646766092727,-0.000000020583937337040436,0.00000743445863254598,0.0000037726520531577962,0.00000004458128159966855,0.07103825136612021,32.170268771773856,1.1760000990993538,77,16,1.0274009172126632,0.000048346052790293466,78,0.33879781420765026,0.00003301476463786014,0.26098864234770935,0.0000000270136545997435,0.13313408096072052,-2.461607806924677,-1.6250592023388983,0.7317699502642362,2.4457426269834475,62,0.43169398907103823,0,0.8794898227455406,-0.030157174877821144,0.15138097444267945,0.3722248765578502,0.00000000014646268798153467,0.0022519210696238454,0.000002032054343134938,0.000014689590248216583,2.1521825077145085,0.000014524269418877226,0.00000000022825571374212778,0,0.0000037224351510313227,0.0259647803063763,2,0.000000010198452468578967,185.475307796198,0.0002596506442387,0.00002473771098214893,0.000024869556215081604,-0.0002011674841014,0.00009776826427686821,0.000000009558633499711544,0.8897249053351461,365.00000160333445,0.015027322404371584,0.000025996373520369003,182.5,4072.0807437060084,0.9993583051330966,0.00273224043715847,1.8937027378712832,0.000006200673651645007,0,0.7639131678605728,0.00011718014742601528,-0.2723360401183941,0.1994535519125683,0.24002474900567802,0.4644808743169399,34.24564451044884,-1.5386486752420754,0.00007668007631657417,0.0000696573400659367,-0.00000018100117140669697,0.00005871638351335429,0.000054233686036943915,-0.0000011715457557805902,0.16393442622950818,35.77837414630935,1.068912344669678,86,14,1.0303901148455488,0.0004608181283401,87,0.4016393442622951,0.00010084933239416053,0.04208588262835028,0.0000002014530382343154,0.1895152012807455,-0.12280356315862838,-6.316883344351449,0.8191183308639017,2.0332300445154217,60,0.4644808743169399,0.00273224043715847,0.4727261246726411,-0.01560806321827061,0.14767450782498703,0.18369565624863538,0.0000000166660456513125,0.025424929124066898,0.0000031330620554500636,0.00013958819513866207,2.1549470394625643,0.00013954887516312293,0.000000021104154564244077,107,0.32084466426459257,10.744960280565529,3,0.0008790264774372399,184.81904269992745,0.0378966584801673,0.0294391476306504,0.02916861968558455,0.0211898256093263,0.003156161043265044,0.000009961352531023892,0.830604499309295,365.0012779502923,0.015027322404371584,0.0293762572264919,182.5,101.64032221860792,0.9984744065485794,0.00273224043715847,1.925277592658133,0.027037217114120653,0,0.7453845821146617,0.004265489673707622,-0.1774893106580091,0.1885245901639344,0.9053115034497358,0.39344262295081966,55.37078610047178,-0.04874491533408745,0.0025486788454822423,0.0019135220422395413,0.000017967771177422457,0.0021833935636096004,0.001312008224963402,0.00006872406229379777,0,12.016885708919425,1.2672388311413918,78,16,1.0275678387985863,0.016706832870841,78,0.38524590163934425,0.0296078497319588,0.22636874482908548,0.000003008771517945568,0.07747977906173262,-7.701348593352511,-1195.4110896442012,0.7458646798221462,4.804561625753788,55,0.39344262295081966,0,1.7039200931704186,-0.04451873151356467,0.1295368013565783,0.4741904590380819,0.000013475077382687523,0.6984355454174326,0.001767218306948436,0.007519000970803662,2.1470707392195094,0.007280090515566603,0.000059521949299154294,0
22,"Alghifari Amar Mukhasyafah","Sidoarjo, Wonoayu",0.00000070709541193178,0.015743453698078,22,0.0000000019425698129994,194.954860808353,0.0000632197749967288,0.0000432720276609133,0.000042956674237589,0.0000275978062828389,0.00000804856049463757,0.0000000000647793260358406,1.4647862669669,364.000000000502,0.0150684931506849,0.0000427350011023009,182.5,35643.3000060528,0.912962542742042,0.00821917808219178,1.36542687658977,0.0000400654953327003,0,0.967216296477244,0.0000130335126849114,-0.568869720843618,0.112328767123288,0.917282236485432,0.306849315068493,98.2060646945444,-3.45689209076853,0.00000672040039066948,0.000000877015900487252,0.0000000648593195175793,0.0000064426507210387,0.000000382136024090599,0,0,-1.08530241136674,0.874132990649738,46,10,1.02965387742021,0.0000356219687138899,51,0.0356164383561644,0.0000440141761699874,0.292077726519583,0.0000000257078120594778,0.0436726373202472,-7.64190568692896,-2.07801468195895,0.449925047802549,10.3759113104401,50,0.306849315068493,0,2.81283499929725,-0.0536462542844025,0.0991477313408449,0.689161905684354,0.0000000000460292381082865,0.00031923378777736,0.00000265376050412131,0.0000131872739717871,2.00705982441382,0.0000129066162367632,0.00000000020613753462615,0,0.0000153267303258072,0.0625684448124194,20,0.0000000421064019939757,213.455246435931,0.0004383778420257,0.000172110514090581,0.0001284095856135,0.0000130297775707991,0.00011121606416336,0.0000000123690129279886,1.54440175127681,364.000000113285,0.0150684931506849,0.000172711128875044,182.5,1848.28888312257,0.940094711649549,0.00273972602739726,1.4161031520276,0.0000768319872390343,0,0.941932369597758,0.000182625913718387,-0.757745611244121,0.112328767123288,0.734575550977029,0.361643835616438,141.857398164098,-2.20494263205746,0.0000967521037401639,0.0000151383168303468,0.000000867278794915115,0.0000666166052139081,0.00000843300361280915,0,0.0164383561643836,1.15282792503778,1.09139228265564,58,8,1.03377689524261,0.000425348064454901,57,0.0219178082191781,0.00020491715884355,0.663319822672314,0.000000307053886937423,0.0741142540350095,-1.97874872268221,-14.8381718717436,0.485501345500355,5.56656043370788,56,0.361643835616438,0,1.873537867604,-0.0457049033589441,0.117840854172442,0.245346122616868,0.0000000102390135780108,0.00551034732624624,0.0000112397241673464,0.000131733522987098,2.00362698604799,0.000131248658030145,0.0000000226036398836232,0,0.365994007470426,11.4015854284108,46,0.00100547804250117,207.164874589354,0.0430054185912012,0.0313204232302759,0.0303177426755427,0.025158090982586,0.00466416089072274,0.0000217543968145476,1.77793016207448,364.000021487199,0.0150684931506849,0.0310892369210099,182.5,69.4979651038918,0.954374573498787,0.00273972602739726,1.16704618982787,0.0278351901238783,0,0.974509680855488,0.0062549525608469,0.227908457195554,0.10958904109589,0.982394874422472,0.131506849315069,50.4061146018203,-1.15843504498411,0.00364399984544805,0.000205238969040367,0.000019896037791728,0.0027328110056428,0.00014177967040315,0,0,-0.819838831523731,0.500866990172142,46,5,1.02681466979789,0.0178473276086152,48,0.0191780821917808,0.0316658066080458,1.05944697688706,0.0000343807304150912,0.0192254228499319,-15.4369818862417,-1319.77447139049,0.275341480411513,25.5392506757941,54,0.131506849315069,0,4.64355424355283,-0.0600238363648106,0.0686522384542966,0.298370338301582,0.0000069218974130209,0.0747069847306934,0.00179803740700175,0.00658619996820339,1.94583096516094,0.00632340813476079,0.0000497953735928431,0
23,"M. Fatihul Umam","Kwanyar, Bangkalan",0.0000003561887353084103,0.010138825073113367,13,0.0000000009785404816165118,173.03878573702173,0.00006520858126653668,0.000027826569052107614,0.00002626646725426933,-0.00000284717975773674,0.000014196534914494166,0.0000000002015416035784519,1.0730706318976109,364.0000000164631,0.01506849315068493,0.000028933257453900296,182.5,20724.83110804484,1.0000000000000002,0.0027397260273972603,1.7858371783496978,0.00002097233660075896,0,0.8547101154800026,0.000020581319939297198,-0.5853691203036742,0.16164383561643836,0.6724273170625414,0.44931506849315067,81.8028437978365,-2.585730410832191,0.000011713513311643021,0.000006067764975058385,0.00000003932127633511348,0.000009738892761864314,0.000003667100372695128,-0.00000025962253857869485,0.057534246575342465,17.77195955519766,0.9416758977777193,57,16,1.0203594922114798,0.00006805576102427342,57,0.2054794520547945,0.00003123875075591477,0.36733273703265146,-0.000000009612672053757366,0.12841817881237338,-1.713879882735288,-1.8816521312990686,0.6512081931744966,2.7038938322872377,55,0.44931506849315067,0,1.0321169073496,-0.031538555778672046,0.15308999214134283,0.2628194584504341,0.0000000002946177490494207,0.0022086664509212523,0.0000010685550963057126,0.000018393364782221778,2.126274175188151,0.000018355120876543627,0.0000000003696059653604153,6,0.0000189232385571644,0.0581756656589543,2,0.000000051986919113089015,201.28742152585693,0.0006366936140693,0.000032502847595211345,0.00003626829129643738,-0.0005919724353589,0.00022536205114418253,0.00000005078805409591315,0.9288288127953925,364.0000094961773,0.01506849315068493,0.00002248368400615,182.5,1691.7807412822842,1.0000000000000002,0.005479452054794521,1.8805824051947024,0.00008379389182660993,0,0.8242332694546476,0.0003138247746391,-0.13999681203900183,0.18904109589041096,0.1649177302898597,0.4547945205479452,27.385848260944847,-1.1843215580415747,0.00018207506063841805,0.00015119092432824382,-0.000001131167019783557,0.0001610039616934626,0.00008247462574214343,-0.000004341891326449996,0.16712328767123288,28.275145149684004,1.3274828860823467,66,17,1.0232662962752737,0.0012286660494282,65,0.36712328767123287,0.00022769384971428342,-0.02012205439513259,0.0000001166262802926969,0.19328274289674768,-0.051048331507523755,-13.906635280211223,0.8669201229986357,1.9188391899867567,53,0.4547945205479452,0.010958904109589041,0.4056985330315923,-0.014617238134885226,0.14625401430295268,0.15400490966507907,0.00000008342241394402574,0.05503349645548075,0.0000011017954598003614,0.0003278908603896288,2.154088204636775,0.00032788830836605977,0.00000011419063573529084,103,0.29598508660282075,10.316484398197241,3,0.0008131458423154416,180.3546692298341,0.0353886224329471,0.028343492659568804,0.0283570569008588,0.0216007824055849,0.002750358039264943,0.0000075644693441493005,0.9559052568848001,364.0008594594619,0.01506849315068493,0.028265262022614403,182.5,144.9862716028151,0.9993562486743118,0.0027397260273972603,1.8514424710013175,0.02918409442063411,0,0.7966835031047815,0.0035843086661770003,0.08212386066506827,0.1726027397260274,0.9457973995064753,0.3917808219178082,29.191501709496812,-0.19973674150993243,0.0021598279020846223,0.001347698284796266,0.000028691556468442313,0.0017796189834674014,0.0005723545327782995,-0.000023843398825698983,0,10.12119133778754,0.8481070475165012,50,16,1.0182886219781855,0.013787840027362202,51,0.23287671232876714,0.02847662278935443,0.24910292673012752,-0.000002215033009353225,0.07205705066463186,-8.153516596870919,-1148.1563764765588,0.7981161479136734,5.362381114703722,50,0.3917808219178082,0,1.851907814178328,-0.04624156913600458,0.12688575359884252,0.5931237105187704,0.00001174502320566436,0.49056217566584087,0.0016081649674932127,0.006700262752935857,2.122624094995534,0.006479872334900175,0.00004764035185614168,0
25,"dedy Nurohim","sambeng, lamongan",0.0000003790335225176623,0.011165508435953157,6,0.000000001038448006897705,194.64857450626454,0.0000574397932117184,0.00003059108772985062,0.00002935152965619636,0.0000068181675487721805,0.000009989798234496797,0.00000000009979606876595531,0.8900281230836864,365.0000000127866,0.015027322404371584,0.00003094704538852966,182.5,30103.571063016927,1.0000000000000002,0.00273224043715847,1.9098215419987399,0.00002453573653080336,0,0.7853079069513278,0.000013969506642248132,-0.42028588146130463,0.1721311475409836,0.7416046907030891,0.4453551912568306,122.82631116416502,-2.6020271625488522,0.000008160935980313067,0.000005638967311091419,0.000000022519926713847553,0.000006863238119573608,0.0000033643259255290822,-0.0000006440317924393096,0.06284153005464481,28.514857645263536,1.2743222490753983,66,15,1.0235333304623841,0.00005062162566294622,67,0.3770491803278688,0.000032180906097581725,0.24769717009686135,0.000000017743951896347934,0.13368177708715892,-2.519609094418,-1.5452519307871038,0.6797758855244237,2.3800054328778457,54,0.4453551912568306,0,0.8802368547086294,-0.03001584224636887,0.15557719153647584,0.2792809670528327,0.00000000012278482203328783,0.002058223068548368,0.0000018642837394978407,0.000013165040107384873,2.1515135427897407,0.000013004646472634877,0.00000000017991494178248215,0,0.000006127033087603977,0.033047762223476176,2,0.000000016786392020832813,192.26692366352003,0.0003603501245379,0.00005514688931819295,0.00004859558345439534,-0.0002344076783629,0.00011704421455281964,0.000000013699348160286477,0.7949346912799623,365.0000025581362,0.015027322404371584,0.00006447451087295597,182.5,3374.8636065405,0.9993583051330966,0.00273224043715847,1.9269664175966617,0.00003323333294245999,0,0.725657680520926,0.00013672686873177967,0.13702664693758448,0.20218579234972678,0.29123784946424663,0.4562841530054645,21.989090514878967,-1.4337700782217568,0.00008960667423439601,0.00008502558179442227,-0.0000005122448304948318,0.00006784586086282754,0.00006482310903565237,-0.000005421604458076346,0.16120218579234974,40.39391980319065,1.4250819392051508,79,16,1.0277346589190233,0.0005947578029008,78,0.41530054644808745,0.0001293851906585893,-0.1023108551910834,0.0000002793912872503927,0.18985444456444892,-0.28356541246045597,-7.975229913917028,0.847179081304994,1.9521214873034334,60,0.4562841530054645,0,0.4544535139089271,-0.015520521708163369,0.15012796676030438,0.2190036765170542,0.00000002270952871747926,0.031034337354964126,0.000004093564497982071,0.00015690229443667832,2.182205369934619,0.00015683902807790028,0.00000002555741329626442,98,0.31257518492656533,10.609934783504837,2,0.0008563703696618228,185.4092318751436,0.0370823323726654,0.029077920640715793,0.02881075789531065,0.0220477441946665,0.0029163489367500326,0.000008505091120883046,0.7643715849404228,365.0013776581917,0.015027322404371584,0.02901666583936835,182.5,105.01950507031572,1.0000000000000002,0.00273224043715847,1.9207911041820853,0.027309850056966116,0,0.7239096596086813,0.00427088793236895,-0.29089941759790294,0.19398907103825136,0.8873074204477058,0.412568306010929,45.81462701008949,-0.064317596486688,0.0023751570574957414,0.0020551064458879174,0.000008960529549481367,0.002077931662400551,0.0015628693195489998,0.000022675593694100604,0,20.37691647656563,1.5779656557987354,86,13,1.0300595783296291,0.015034588177998902,86,0.412568306010929,0.029223801257000234,0.35566279436484177,0.0000037161192012915453,0.08374130069994892,-7.656518657261754,-1141.5151775902264,0.7874490515247935,4.296188745286337,61,0.412568306010929,0,1.574015155092615,-0.04290294990163482,0.1354496327879089,0.5020180495426243,0.000012112128658398048,0.7501138527490898,0.0017395578550440391,0.007021701972316038,2.145499185935623,0.006777528808436662,0.0000522625293296073,0
26,"Marshella Aulia Putri","Kec. Kalianget, Sumenep",0.00000011289442764185341,0.005975562156702807,6,0.0000000003092998017585025,187.88644847785181,0.00003057883895962732,0.000016374187529557996,0.00001693865025724032,0.0000007728081179436685,0.000006351433151643821,0.00000000004034070307980016,1.0107284835195391,365.00000000487205,0.015027322404371584,0.00001638666809330144,182.5,52454.060498125895,0.9993583051330969,0.00273224043715847,1.765639324442292,0.000017166125080869678,0,0.841165126199045,0.000009568606363548802,-0.5741950332622228,0.17759562841530055,0.7064071204069419,0.4371584699453552,65.16409279994542,-2.890659597034365,0.000005210662804735214,0.0000033346030173064506,-0.00000001186021956079322,0.000004739403100491776,0.0000017713039284217302,0.000000010725050907982667,0.06830601092896176,30.53345792907027,0.5719566351102771,56,13,1.0201248908291878,0.00002980603084168365,56,0.32786885245901637,0.000017562879044534038,-0.3831648671050312,0.000000006174972215212486,0.1316018536320716,-2.0800817986493723,-0.9650460724121325,0.7485821465207716,2.4950080504443064,59,0.4371584699453552,0,0.889777970532419,-0.030552565149702792,0.14835848318356473,0.5045868864639698,0.00000000006928729932503416,0.0012171301013168545,0.0000008022660957277457,0.000009117379774809212,2.1250335523674337,0.000009076928932410947,0.00000000009177990359772394,0,0.000006937963354388166,0.03488548331300072,3,0.00000001900811877914566,175.28522579075025,0.0003278202784713,-0.000006212609532346978,0.000004007869695972962,-0.0003303490884718,0.0001375412211345441,0.00000001891758751118156,1.1146952644353287,365.0000025271331,0.015027322404371584,-0.0000084705620793,182.5,3409.769467196475,1.0000000000000002,0.00273224043715847,1.8844231190856824,0.00003164406334690495,0,0.7929158882510732,0.00016706566523223102,-0.2886103110766163,0.19398907103825136,0.2347176946969098,0.4562841530054645,34.623432189265976,-1.401524526953022,0.00010799995984896163,0.00008464822630343975,-0.00000017353595467284307,0.00008714910018170485,0.00004828477987446549,0.00001075593439359997,0.14207650273224043,20.72774740144812,1.316247263152789,74,19,1.026061871834679,0.0006581693669430999,74,0.2786885245901639,0.00013768145854973707,-0.16723385641751284,0.0000001954783064585368,0.18008940120487277,0.04143755151212776,-9.574021717495546,0.8002115974594862,2.096217887543781,64,0.4562841530054645,0.00546448087431694,0.6116339000058957,-0.018040384835969377,0.14757038319575158,0.20959701561127708,0.000000031365513130051054,0.03089660260075551,0.000002733716743161649,0.00020988163343626116,2.1643380947674227,0.0002098605358946041,0.00000004670398521964457,110,0.28673432631306606,10.159920196980215,4,0.0007855734967481262,180.1544225971581,0.0352353882044553,0.027836647581899365,0.0275157204208274,0.021211814135313,0.0029237257865756317,0.000008548172475087296,1.1361914764636825,365.0010741591952,0.015027322404371584,0.02794904401525845,182.5,98.68767060612315,1.0000000000000002,0.00273224043715847,1.8411849620041518,0.027522422466427034,0,0.8542571169210769,0.0042181981843896,-0.5024250033379181,0.18032786885245902,0.9147125580073495,0.41530054644808745,33.78313799545822,-0.12149278767815783,0.0023882233125383694,0.001643627274730433,0.000006653256204030427,0.0020206589251757015,0.0009692516177893934,0.00011652625269359743,0,13.385885284883377,1.1715057657383825,63,14,1.0223452523657828,0.0140235740691423,63,0.4098360655737705,0.027989768149699827,0.18046506198853754,-0.0000030526685352253335,0.07801851113819265,-7.6515853832204765,-1130.6225029775292,0.784058061735196,4.874370332581174,66,0.41530054644808745,0,1.7447744571605774,-0.04437971204941586,0.133531048976793,0.6471540368256419,0.000013904695403000548,0.599923955276608,0.0016135286351618506,0.007597424434848722,2.099996401320733,0.007407068088979658,0.0000635208582952743,0
27,"Robbaniyah Umdatun Ni'mah","Cerme, Gresik",0.0000023821523287555946,0.02758014947992842,1,0.000000006562403109519544,187.1156909137647,0.000201400743753,0.00007594287014994164,0.00007528659850679925,0.000016308587424687557,0.00002787570632176772,0.0000000007770550029374408,0.5723820441603877,363.00000023627234,0.015109890109890112,0.00006898674463275186,181.5,72295.14785565663,1,0.0027472527472527475,1.9854113027536802,0.0000810908421395969,0,0.6380245941537968,0.000007502781807580531,4.501127636384005,0.18681318681318682,0.6741946523372283,0.46153846153846156,20.928403803565853,-2.0554906154998736,0.00001624119420755252,0.00002344716437812141,-0.00000007325124549535284,0.000003567301266996384,0.000016889214347456417,0.000000025241217043939094,0.15109890109890112,47.08620396930575,1.1294809889787272,92,11,1.0322337306838967,0.00018509215632831242,92,0.46428571428571436,0.00008089730854329047,1.4488467822963862,0.000000025241217043937505,0.1760252582308401,-1.8406912498184118,-3.075692873438647,0.9025368623793556,1.8041436518105831,61,0.46153846153846156,0,0.43512652933441687,-0.019192306488933858,0.1624924278587657,0.5516396764058611,0.0000000014517767996436294,0.008511320669258072,0.0000046481024741057,0.000034891244134728914,2.1800272551555455,0.0000344983015745999,0.0000000012293256037012074,0,0.00001918073401909005,0.06078723151875379,1,0.00000005283948765589545,201.53076222615172,0.0008173773077235,0.00014929741710668286,0.00014271004678948173,-0.0004850654235498,0.00017436916434261686,0.00000003040460547354253,0.5161708367272585,363.0000097206704,0.015109890109890112,0.00013848547105187317,181.5,6008.973448778521,1,0.0027472527472527475,1.9945984694717114,0.00010103380552318504,0,0.597671573531434,0.00008000187898390317,3.6766904968509335,0.18956043956043955,0.37622624833398843,0.4752747252747253,6.6993462380169,-1.2775392098577758,0.00010397821820411682,0.0001437289417049645,-0.0000004384353537079235,0.00003987092560411211,0.00007105545229029998,0.00000034670370090532647,0.19780219780219782,53.354473850367924,0.7378442341813587,88,17,1.0310752206536054,0.0013024427312733,89,0.4615384615384616,0.0002295524433071218,0.3927553166361546,0.0000003467037009053228,0.216794984607618,-0.5512671682401162,-7.291851648810618,0.8977655324204732,1.8062318391153243,61,0.4752747252747253,0,0.196613799360784,-0.008614843622827537,0.15727415135256864,0.33730366352860175,0.00000004955923133830235,0.05217360583890211,0.00001335590598121873,0.0001842399724729506,2.186400967343805,0.00018362259698042057,0.00000003439342490725115,65,0.3514086979962544,11.205613013080605,13,0.0009680680385571747,167.92346556028548,0.0433563115997077,0.03086406131592751,0.030621769839737877,0.0204545095273617,0.0035802555866010543,0.00001281823006538806,0.7498467216121822,363.00202768657476,0.015109890109890112,0.030588271327166003,181.5,128.97688557372675,1,0.0027472527472527475,1.9412561008978408,0.0307603204599174,0,0.7150525989497952,0.0037355703356786833,1.5365078854759382,0.17857142857142858,0.9152265943897439,0.4285714285714286,39.710544151370215,-0.0628989849846613,0.002640333046319164,0.0023115443715509987,-0.00000850338034632892,0.001871523506065535,0.001744326418504024,-0.000018637805860741152,0,33.71488076664976,0.9090335566048733,102,13,1.0353541755916458,0.022901802072346003,101,0.4478021978021978,0.031071023655147266,0.6558184310521109,-0.000018637805860741156,0.09277725260638306,-6.978887259845955,-1178.325056174095,0.716319246513276,3.5717669202205764,58,0.4285714285714286,0,1.3899839306497004,-0.04079050609499396,0.1448364532802249,0.4078362673329947,0.000015717067743916334,0.8390906068730126,0.0017070493033326797,0.006723534976129046,2.137030136249207,0.006479505162820721,0.00004876860194853012,0
28,"Rachelia Andini Tendean","Tikala, Manado",0.00000003112818780561011,0.0029065978007565716,5,0.00000000008528270631674002,173.30481370493945,0.000019500635971780863,0.000007820200335552856,0.000008250584073721257,-0.000005380816674005473,0.0000048881653173527294,0.00000000002389416016977011,1.253591439005802,365.00000000186856,0.015027322404371584,0.000007785289079720313,182.5,80368.24859403101,0.9685224618311515,0.00273224043715847,1.7814354983577245,0.00000830398228117701,0,0.8993670400698377,0.000006945569351538931,-0.4495887704648651,0.16120218579234974,0.5663065900654276,0.44808743169398907,27.684272314612876,-2.994939373470721,0.000004024114805058561,0.0000019249162076679045,-0.000000013238893923898257,0.000003565631211379447,0.0000008557111868867671,0.0000002521231294849713,0.06284153005464481,5.369615119734159,0.8669017404524682,40,14,1.0147549523586752,0.000024881452645786336,41,0.22950819672131148,0.000009222239069659337,-0.10521327460711348,-0.000000007776817418754064,0.12472848907302232,-1.3164566128625637,-0.6781867175992755,0.7449065898233509,3.1890242195760323,57,0.44808743169398907,0,1.1488101273264897,-0.032326232431920454,0.14198096592146625,0.4194629119131279,0.0000000000400498141484843,0.0007025944157987851,0.0000005288592771726208,0.00000825884546693591,2.12279110554612,0.000008238582041373441,0.00000000007464643985829517,22,0.0000038071902888194934,0.025977516352747657,2,0.000000010430658325532858,202.05692419242052,0.0003039902076125,-0.000010081088870486425,-0.000008450878794982561,-0.0003030946827493,0.00010149153120460352,0.00000001030053090625501,0.904874108708813,365.00000174425554,0.015027322404371584,-0.00001332758711216853,182.5,4126.439508964463,0.9974332205323865,0.00819672131147541,1.875168555435384,0.00003080200694969003,0,0.8113555554211691,0.00012834718272641252,0.33583257285443846,0.1830601092896175,0.18057798548497647,0.453551912568306,18.124099900326183,-1.5371957183196894,0.00007989014081940969,0.00006179696586930099,0.000000217404215630903,0.00006546743588842278,0.000034912791306834206,-0.000008060364052653313,0.1721311475409836,30.216639406850124,0.8687795219232884,53,14,1.0192660151947968,0.0006070848903618,54,0.3879781420765027,0.00010199097636099801,0.052528563628452214,0.00000005772525099447556,0.19166439976312513,-0.02445715270509717,-6.249537818476089,0.8337116176030294,2.006481026604354,56,0.453551912568306,0.00819672131147541,0.4667198140259932,-0.015053463938916246,0.144913922861068,0.25684020225595705,0.000000018021624418705697,0.022555892542294863,0.0000008467338800460623,0.00015155480198282692,2.1509242754908384,0.00015155185936537607,0.000000024509165671535934,81,0.23595620208529847,9.182491060346347,7,0.0006464553481788999,186.96725298636198,0.0334461443126201,0.025171024371142058,0.024899699592164537,0.0164867080748081,0.0033329579720063483,0.000011108608843160671,0.9963118787379563,365.0010965486533,0.015027322404371584,0.025130161084234652,182.5,96.19280741977039,0.9993583051330969,0.00546448087431694,1.8237812590227682,0.0241184543818235,0,0.8221267813525285,0.0047695208340883255,-0.4789078536726654,0.1721311475409836,0.8865437324353277,0.4180327868852459,85.58309788437866,-0.12530710824598024,0.0027535359463868253,0.0016227855410886143,0.000012051747882203023,0.0023252012740288368,0.0009890180081129317,0.0001539224758743997,0,16.860085474628747,1.307252767077786,64,13,1.0226852345613489,0.016959436237812,63,0.319672131147541,0.02539072816474132,0.22440110138434022,0.0000048504527172114515,0.0809198113603262,-6.410700243623502,-1087.0304597067047,0.7338197418176634,4.592850092046336,62,0.4180327868852459,0,1.6670386057564146,-0.0436310334022002,0.13320358594008813,0.7917022859152841,0.000016669890474483548,0.5923167224973442,0.0015274752132064036,0.007584169662030192,2.111310039070488,0.007415197174433127,0.00006385081488336092,0
29,"Nurhabibatul Umah","Kerek, Tuban",0.0000007731552841,0.01577334,8,0.0000000021182336550684933,194.08037612414725,0.0000887,0.000043203797814207656,0.0000431,0.00000879,0.000015680496989886235,0.00000000024587798584983125,0.9761592130316361,365.00000002430306,0.015027322404371584,0.00004345,182.5,21929.824561403497,0.9260227125940319,0.00273224043715847,1.8452991231695366,0.000036758500000000004,0,0.8134672303728836,0.000022774999999999998,-0.3921173078891278,0.1721311475409836,0.7235441019482467,0.4426229508196721,107.78279463243378,-2.469334666714039,0.000012977097255815344,0.000007303890410958904,0.00000004684931506849312,0.0000114,0.0000042000000000000004,0.00000020000000000000486,0.0546448087431694,21.74244523015763,0.962310652851442,56,13,1.0218344776473585,0.00007991,58,0.1912568306010929,0.00004596135476050249,0.21143144139810277,0.000000025959482356137457,0.12355226845815284,-2.3169355080593936,-2.504378551174441,0.6880375743903905,2.8155925593992097,56,0.4426229508196721,0,1.0567494834768545,-0.032629755401397925,0.14894323988313732,0.3037637094673684,0.00000000032127661155767275,0.00266592,0.0000027910369221792973,0.0000230419914404533,2.137329748458909,0.000022840154088788493,0.0000000005692291979141388,0,0.0000046129944446,0.028718890999999996,2,0.00000001263834094410959,209.8771678222608,0.000308636,0.00003317025136612022,0.000023049999999999998,-0.000254808,0.00010725457744185979,0.000000011503544382231898,0.8822993223165754,365.000002198035,0.015027322404371584,0.0000336375,182.5,2957.6348385722904,0.9914157630126421,0.00273224043715847,1.916902950392549,-0.0000012581999999999942,0,0.8098459859383907,0.0001472405,-0.23651554805547592,0.1994535519125683,0.22526062523023307,0.453551912568306,20.389435405555417,-1.4715319602694141,0.00008546172277464241,0.00007476128219178083,-0.00000009252054794520402,0.00007475,0.000044000000000000006,-0.00000020000000000000486,0.1721311475409836,36.22606650450218,1.3268599749498857,72,16,1.0253898832529524,0.000563444,71,0.3989071038251366,0.0001122666912219448,0.22395980107035993,0.00000023213195696377114,0.194577196473943,-0.16411465809053688,-6.615149321854483,0.846369600433666,1.9067909479753098,57,0.453551912568306,0.00273224043715847,0.40564147155832025,-0.014301818630225768,0.14892659926112656,0.20976980408300872,0.000000018992705439409818,0.027287868000000003,0.0000008060650434721347,0.000152759069294539,2.1602259990469617,0.00015275608666867905,0.000000024645743389799336,93,0.3255515951091362,10.822535522,3,0.0008919221783811952,185.17218331305426,0.038546169,0.0296543116284153,0.029504957999999998,0.021616321,0.0031791562376606575,0.000010107034383456667,1.0429057376937667,365.00129843385764,0.015027322404371584,0.0296272215,182.5,108.45888171951574,0.9984744065485794,0.00273224043715847,1.9013181713618355,0.0292347526,0,0.742720336224836,0.004622983499999997,-0.39290376339556987,0.1885245901639344,0.905428415376834,0.39344262295081966,22.07591179718938,-0.04400201253339172,0.002590665869001762,0.0019299196383561644,0.000020961610958904112,0.0023178,0.0011636320000000012,-0.00014627500000000127,0,12.119794725442022,1.2525633567602954,75,16,1.0265647814982015,0.016929847999999997,75,0.3360655737704918,0.029824239010218242,0.19021635543547294,0.0000034650714662558058,0.07795474989068076,-7.553301743717118,-1210.9976970006983,0.7763393295244347,4.628717003525991,59,0.39344262295081966,0,1.674682332508607,-0.04439616559812751,0.13028806863226555,0.5541029283634754,0.000014621403648494547,0.704420668,0.0018149951188500446,0.008006484374967069,2.1441130995022304,0.007772417998362464,0.00006864058548823508,0
30,"Fahdimas akmal","Kwanyar, Bangkalan",0.0000002928263180846781,0.0095667407179666,6,0.0000000008022638851635015,169.32718442301797,0.00004908707705908455,0.00002616684031662654,0.000024904015219817666,0.0000005150708564845748,0.000010740967143574813,0.00000000011536837517935364,1.0238924053171847,365.0000000085043,0.0150273224043715,0.000026663955981293288,182.5,28124.06892669585,0.9993583051330968,0.0027322404371584,1.8107388936690687,0.000017515273027394568,0,0.8496461878793942,0.0000153321709817454,-0.711505433328044,0.1721311475409836,0.7382856875633882,0.4207650273224044,66.47486786680128,-2.648832193633948,0.000008880551596733865,0.000004991842795824504,0.000000015873893177923942,0.000007620309988644955,0.000003547686953803593,0.00000015294262993847886,0.0519125683060109,14.567504757249688,0.9783145314725658,73,16,1.025894029566716,0.00004857200620259997,73,0.2677595628415301,0.0000282855423730072,0.2637509411832341,-0.000000013093242974654762,0.1136922157178117,-2.117453751119177,-1.734510044381177,0.6822052123008329,3.1725125119039994,59,0.4207650273224044,0,1.181658066621098,-0.0351741356385059,0.1405406847611481,0.3189886138103621,0.00000000016905108281039654,0.0018220226204759,0.000001035271726198693,0.00001552527454342318,2.138902650579694,0.00001548304076574679,0.0000000002623433292544293,0,0.000005695827797920077,0.0311488703673414,2,0.000000015605007665534458,217.16116424041903,0.0003476951442962,0.000039741955650476347,0.00003429834968274544,-0.0002391555406373,0.0001182495158283,0.000000013982947993644088,0.8979215138649203,365.0000029741975,0.0150273224043715,0.00003709341194732542,182.5,3523.6229251494524,0.9993583051330968,0.0027322404371584,1.9688260007367355,0.000024927267582775003,0,0.6987663951160792,0.0001409540748849,-0.0198973079175663,0.2021857923497267,0.1860628498685067,0.4644808743169399,19.095281382803467,-1.3696159776293522,0.00009193961749356552,0.00009602956563757584,0.0000002971875534712575,0.00007099424628860456,0.00007291076724,0,0.1666666666666666,35.88705564995268,1.0990984093260532,86,18,1.0303901148455488,0.0005868506849335,87,0.4344262295081967,0.0001247492325931,0.1991697858951868,0.0000002810151713775614,0.1974038220118845,-0.1842590661231439,-7.229905951751777,0.8895181678955058,1.990107337494102,54,0.4644808743169399,0.0027322404371584,0.4533812095751757,-0.0135724097370037,0.1477966850203509,0.1582007827112219,0.00000002367751015735788,0.0350507914577151,0.000003251167508863495,0.0001507264379186,2.1863462609987323,0.0001506751117366,0.00000002309538026307197,108,0.2939204195231445,10.303410614079782,2,0.000805261423351,182.92156084030745,0.0361140679035867,0.0282297071914215,0.0279896277468651,0.02282948885113,0.0024788883424466,0.000006144887414317756,0.9473223627486648,365.0009915309484,0.0150273224043715,0.0280993613480988,182.5,133.05449516267208,0.9993583051330968,0.0054644808743169,1.9210516492805665,0.0274790915194898,0,0.7350103485897882,0.003458895335918,0.1812775683201439,0.1939890710382513,0.9203628622567624,0.3961748633879781,11.438265926598142,-0.1079345364877926,0.0019862729096717,0.0016718156731238,0.000020570065571020555,0.0017402291155627,0.0010697036393379,0.0000769340805708979,0,11.534863527720876,1.462009080680693,72,17,1.025726084160307,0.0132845790524567,73,0.3688524590163934,0.0283383354403133,0.5709330761342659,0.0000005357340015755511,0.0783474300162935,-8.489696563990947,-1097.232440229426,0.8424033352864377,4.702546952430325,62,0.3961748633879781,0,1.6858930718552736,-0.0442948347455017,0.1320597552356287,0.7435746618826787,0.00001011682365395213,0.6102127206902105,0.0016666867712782,0.0069140828939612,2.138718370579753,0.0066866004282903,0.000051069128773067135,0
31,"Muhammad izzul Millah Aqil","Wonokromo, Surabaya",0.0000006173478621483781,0.014389267695605668,3,0.0000000017006828158357525,177.18040653249588,0.00007310485671041533,0.00003959309041405064,0.00004085366473351743,0.000006298369044088759,0.000011331275381110173,0.0000000001283978017625535,0.9217854801830256,363.00000001685464,0.015109890109890112,0.00003962126083933981,181.5,38197.509061383724,1,0.0027472527472527475,1.824188438846932,0.000043041937260568375,0,0.8462154961327046,0.00001566064644353709,0.11041852329949942,0.17307692307692307,0.7595337771083305,0.43131868131868134,22.616053542298513,-2.5796441621417396,0.000009061449048557983,0.0000060263546176489505,-0.000000027066637489613674,0.000007645802485823973,0.000002969614797621034,-0.00000031096437048879497,0.05494505494505495,20.17930983187509,1.029922610286306,56,13,1.0200779330493384,0.00006680648766632657,56,0.3708791208791209,0.000041182649384148925,-0.1781621418890013,-0.000000009019489375523299,0.12296054958197114,-2.6829679693366058,-2.0847484480534346,0.8079290099451372,2.768403275648512,60,0.43131868131868134,0,1.026206202879946,-0.03295962933154845,0.14729089371109366,0.5819265572449528,0.00000000022868519141242438,0.002187566726206569,0.0000019004079917190424,0.00001809843989012073,2.132245927541973,0.000017977372654494913,0.00000000034906797353589796,0,0.00001729056577680841,0.052382276730814345,2,0.00000004763241260828764,210.2044521360931,0.0006733583868481219,0.00002876220746966257,0.000029986776098667178,-0.000541649351362139,0.00021604233324365696,0.00000004667428975336333,0.8508264644948449,363.0000098779135,0.015109890109890112,0.000021280678827844738,181.5,2047.6372204422162,1,0.0027472527472527475,1.8933256294292844,0.000005104130832478393,0,0.8101193251787909,0.0002518316409328864,0.5718511738720973,0.18681318681318682,0.16672722290704065,0.46978021978021983,26.46860624094506,-1.2083943785662588,0.00016358290613756473,0.0001482663620013966,0.0000003287957741663417,0.00012472491501587985,0.00006431628207792528,0.000004077757087846606,0.17857142857142858,36.27223957141041,0.8886865509554095,63,17,1.0226553981866573,0.0012150077382102609,64,0.44230769230769235,0.00021794851302977785,0.17171279258069339,0.00000024129507703298696,0.20420086397726747,-0.03782754360286757,-11.100170692249064,0.8830654048292745,1.8849958675538823,56,0.46978021978021983,0.01098901098901099,0.3704844480487242,-0.011882313266054625,0.14963766772523687,0.15400542718138954,0.00000008484739393215657,0.05382068940650697,0.000007395832616191515,0.0002914182742885975,2.1696562110992774,0.0002912925457111749,0.00000008802914190348026,96,0.32041278289294306,10.677176716737435,3,0.0008826798426802839,181.04006545836089,0.0403459519147872,0.029416256126241488,0.029170167632400948,0.0201919209212064,0.003865070966087935,0.000014938773572895922,1.0173612194175563,363.00191020677767,0.015109890109890112,0.02940056193619965,181.5,88.34243111664938,1,0.0027472527472527475,1.8865651682364477,0.029261234868317762,0,0.7670952968382382,0.005263430764898703,-0.03989848197424495,0.18956043956043955,0.8843145642706588,0.3983516483516484,17.810093285039095,0.04774768490388176,0.003064754254678047,0.0022882779972940776,0.00003263460005282039,0.002546409441327526,0.0014114910736679996,-0.00003519318997860163,0,9.801646308999032,1.2112444014154686,63,16,1.0223131499825113,0.0201540309935808,62,0.3351648351648352,0.02966908994319738,0.24027703048479027,-0.00000037318115910652935,0.08785986786083443,-5.795125179661773,-1265.9856992393632,0.8336370236100755,4.110601383909344,57,0.3983516483516484,0,1.500942499188314,-0.04206629230125178,0.13285961499252016,0.6764875929881549,0.00002523169977533637,0.8306449130177501,0.0017469768707259862,0.008729141298189583,2.1296244530345576,0.00852693419442759,0.00008156593151914151,0
32,"Riska Nana Nuril Fadilah","Asemrowo, Surabaya",0.000001153672576940003,0.01978799541866446,3,0.0000000031607467861369944,178.85597547045916,0.00009340037286162144,0.000054151738629508255,0.00005265763138595503,0.000013833067896484865,0.000014822282865932488,0.00000000021970006935771582,1.0097971777172574,365.000000024161,0.015027322404371584,0.00005380848795704713,182.5,22996.008039294295,1.0000000000000002,0.00546448087431694,1.8393464346725799,0.000049638355130796326,0,0.8198509682153888,0.000019886065522521015,-0.0840454213602988,0.17486338797814208,0.8063107388303404,0.43169398907103823,25.752799261219067,-2.4489282165031914,0.000011991276838817564,0.000007398434077813572,0.000000021200784966859952,0.000009849619042749207,0.0000037340687413234264,-0.0000004759892666091395,0.04918032786885246,20.125434705479083,1.0584137317017146,52,15,1.018576934028795,0.00007956730496513658,52,0.3524590163934426,0.00005614366274083204,0.27388663251374823,-0.000000007973313843974311,0.11568900571653985,-3.081023283581955,-2.7896514017480265,0.7330688146351008,3.021280710366634,58,0.43169398907103823,0,1.1254956070921311,-0.03465886526985646,0.14438444356257907,0.7535910761623348,0.00000000032896152368357156,0.0027004284384019536,0.000002644031132899051,0.00002246854259856654,2.1496581858585597,0.000022273051170293312,0.0000000005280315569269234,0,0.00003324597490897718,0.09188329978423258,4,0.00000009108486276432104,172.12743866875968,0.0007599914679303,0.00025170073220507434,0.0002089818002455,0.0000031169577141554328,0.0001657791857456562,0.000000027482738426492777,1.099597700895494,365.00000238361287,0.015027322404371584,0.00025301275309170786,182.5,1548.4189931569229,0.9974332205323865,0.00546448087431694,1.7754691025518348,0.00011664813424657712,0,0.8707990492525656,0.000258178387108975,-0.20401801625766236,0.16393442622950818,0.563821654939085,0.4344262295081967,36.249250998202555,-1.4636256861970205,0.00013691331023442347,0.00006907143609771644,0.0000009730439322157168,0.00011296896084803744,0.0000348182147718,-0.00000128320971270004,0.07923497267759563,16.625201645500617,0.9932199567735892,42,11,1.0154539419144364,0.0007568745102161446,43,0.3633879781420765,0.0003013901076994123,0.7633728602338326,-0.00000009848323834188809,0.13111297239692524,-1.2102772735356524,-22.199397137986185,0.7622571743814649,2.8254234887949528,58,0.4344262295081967,0,1.008455044508958,-0.030678720636469127,0.1423675731208259,0.476855159015925,0.00000005044356866988567,0.0252110741756665,0.000016047884355744492,0.00027363008882640063,2.1217152221637665,0.00027306188691831587,0.0000000831062856426832,0,0.3240162008548171,10.803183136042184,3,0.0008877156187803208,184.6758168407194,0.0374792218208313,0.02959582366207049,0.029691596515476648,0.0223935842514038,0.0030622521179061364,0.000009377388033620618,0.9875870969838231,365.0011042227076,0.015027322404371584,0.02943814328561215,182.5,138.96864921056147,0.9987166102661934,0.00273224043715847,1.8592634765295946,0.030690684914588928,0,0.8528208775310534,0.004030614780883023,-0.276097634124127,0.18579234972677597,0.9071475056338851,0.3825136612021858,27.506760115694618,-0.07886389695419618,0.00243794635577426,0.0016841374643861444,0.000027644093314262457,0.00203186739236115,0.0010712717970212011,0.00011982396244999971,0,11.44926253542485,1.296410518108875,64,15,1.0230247909981374,0.015085637569427497,64,0.2896174863387978,0.02975382607783396,0.11066257073506401,0.000002830089320078083,0.07477667621830257,-7.532060957728161,-1233.3536598248493,0.8184733612813865,5.003171446714211,59,0.3825136612021858,0,1.7466040446197377,-0.04521626545530055,0.1255688178691161,0.66380510239918,0.000015394271142290253,0.6147101745009427,0.0017289246270232803,0.008050810367743447,2.100954303891761,0.00784369809256194,0.0000721648360553531,0
33,"Alifah Sayyidaturrhohma","Kota Sumenep, Sumenep",0.0000000724001478640165,0.004644097528349132,1,0.00000000019890150512092446,189.76437006275674,0.00003432014273130335,0.000012704217756254122,0.000012585409032251362,-0.000007213202479761094,0.000006079426016667504,0.000000000036959420692133705,0.6519561271047704,364.0000000121863,0.01506849315068493,0.000012807130133296596,182.5,505559.9710299027,1.0000000000000002,0.008219178082191782,1.9958000891166081,0.000011476802865217905,0,0.5590121485588156,0.000000822027928235318,2.9824666762861503,0.1780821917808219,0.6303859543861505,0.46301369863013697,8.631283477651753,-2.7265328996477436,0.000003387963467896522,0.00000499247951103577,-0.000000006816792092949738,0.0000004463354766590177,0.0000021015362108300906,0.000000003211046594669509,0.1780821917808219,52.26729949543824,1.1180514368782009,84,18,1.0296538774202064,0.00004153334521106444,85,0.4767123287671233,0.000014083911725456681,0.1033383174167386,0.000000003211046594669222,0.19427838359825808,-1.3799382218979952,-0.4846789280883156,0.9228683821508585,1.692415232701533,55,0.46301369863013697,0,0.270476696593868,-0.014357503828378122,0.16175149231527042,0.6602628672975871,0.00000000006273984003300782,0.0018172625420170203,0.0000006097418201381204,0.00000621144171981032,2.1922999711469973,0.000006166851602922883,0.00000000003830903154760971,28,0.00000476252849640744,0.020568217159274295,1,0.000000013083869495624836,205.4042248868432,0.000427010905696,0.000003976430324517859,-0.000002713139110710472,-0.0003431156801525,0.00011415871092344579,0.00000001303221127970286,0.5124788456304507,364.00000458220336,0.01506849315068493,0.000005643065378535539,182.5,9292.373991985087,1.0000000000000002,0.0027397260273972603,2.001572532692018,0.0000034412834793250255,0,0.5791130329650462,0.00004514709760601758,1.9723788419501336,0.1917808219178082,0.08269799213778115,0.473972602739726,7.567401660398154,-1.4208223316956585,0.00007189577506492786,0.0001036934635506516,0.00000037948872317069005,0.00002213160951214377,0.00006636224222999682,0.00000017699856285636792,0.24657534246575344,55.920618400731826,0.8552402693801763,93,13,1.0324641796216616,0.0007701265858485,93,0.43561643835616437,0.00011422794438239972,0.14573095818568824,0.00000017699856285636914,0.24388818955058258,0.013093486718075096,-0.896471672021026,0.9320543033368172,1.8143865558693804,60,0.473972602739726,0.021917808219178082,0.022895545273802914,-0.0014157181767555371,0.14445069472956323,0.15886240604089308,0.000000023626302929192535,0.03774442073243718,0.0000008242023177840283,0.00010691070111683097,2.195760643683855,0.00010690683671503476,0.000000011483885437280493,134,0.2723829951618767,9.912140031372171,1,0.0007483049317633975,181.99074523455698,0.0349349603056907,0.027238947576725764,0.0272486869346816,0.0198397375643253,0.0020723214465428485,0.000004294516177801445,0.744038791872808,364.001181055609,0.01506849315068493,0.0271518342196941,182.5,7913.013313821685,1.0000000000000002,0.0027397260273972603,1.9858115666860627,0.02663258779793973,0,0.6639319930827048,0.0004431791394070017,2.359214391731361,0.18904109589041096,0.9076516197576406,0.4301369863013699,15.362170156798909,-0.1788659381345157,0.0012206630198125902,0.001725698692286803,0.0000239595269354489,0.00017518066880299957,0.0012038396671414497,-0.00000023754531600084228,0,19.354831289566537,1.0973363467381752,92,16,1.031970309630965,0.015095222741365402,91,0.4602739726027398,0.02731766427177506,0.37585964329348287,-0.00000023754531599754102,0.08739411038526884,-9.248416475487875,-961.1410853264172,0.8940274647631585,3.873990021963215,58,0.4301369863013699,0,1.4966308062046525,-0.042240567003051906,0.14423307974207467,0.7672073436578455,0.0000072348893219386265,0.6281543239923963,0.0015907260002727395,0.006309001512002522,2.133179015737085,0.0060855587412490175,0.00004316216363327184,0
34,"Lailatul Hasanah","Socah, Bangkalan",0.0000003632362654552454,0.01088142157058607,1,0.0000000010232007477612547,172.08352198718566,0.000061007037099140384,0.000030653956347712725,0.00003087339738153771,-0.0000010616532790663769,0.000008981177461221539,0.00000000008066154858995378,0.8167923789280608,355.00000001845484,0.01544943820224719,0.000030316490333227247,177.5,225887.40425263596,1.0000000000000002,0.0028089887640449437,1.9696373739524242,0.000033076126428947335,0,0.6878379569820475,0.0000027468568784170684,3.2690068183951597,0.1853932584269663,0.7210281279242206,0.4438202247191011,8.731503158906403,-2.580424254623275,0.000005197743220147986,0.000006319387107331137,-0.000000005411715348235298,0.0000013592895381062592,0.0000027500529929284073,-0.000000009540914514127451,0.09269662921348315,32.014607456922654,1.2231484414110376,83,15,1.0298122474575457,0.00006206869037820675,82,0.4297752808988764,0.00003194255137520218,-0.11798397425726789,-0.000000009540914514129866,0.14866240046546572,-2.3966377077339356,-1.33942619305365,0.8829034458363115,2.1322011300499017,61,0.4438202247191011,0,0.6894346188595801,-0.02687239138494913,0.15387129092718138,0.6772184090390576,0.00000000014180678437477103,0.002243382423102554,0.0000016034821301155206,0.000013132742295138555,2.1769983253755836,0.00001299795277453469,0.00000000017481521686829457,4,0.000008311258485398564,0.030506415086410492,1,0.000000023411995733517082,190.12454441068647,0.0005016186041757,0.00004143366652051492,0.00003920477309476712,-0.0004263567971065,0.00014706965349528954,0.000000021629482979224528,0.6380067363005245,355.0000071664507,0.01544943820224719,0.00003723533942922223,177.5,5038.580880304277,1.0000000000000002,0.0028089887640449437,2.000138657239866,0.00008402967359871002,0,0.6286558741412857,0.00008821231646531183,2.069918910046902,0.20224719101123595,0.12741485739507977,0.47191011235955055,9.208954372582264,-1.295453809569382,0.0000920527663032648,0.00013469378503754348,0.0000006236434530078833,0.00004346968974762906,0.00008322161117980218,0.0000000810506700271897,0.2191011235955056,52.43275793273301,1.0283114200470422,95,15,1.0340573864955451,0.0009279754012822001,95,0.46067415730337075,0.00015279473714941154,-0.028292206133662724,0.00000008105067002719301,0.23191658554473446,-0.15538130922895482,-3.1095439246057666,0.9118686104893297,1.7271466368407684,60,0.47191011235955055,0.0056179775280898875,0.11953900655296772,-0.004795303944934485,0.15277566730012884,0.24184902840895361,0.00000003929279856522088,0.04781629368832794,0.000001442679460914927,0.00015690601215592864,2.1927173068643735,0.00015689631574592817,0.000000024773726058704753,115,0.30090515639982485,10.28252813473432,1,0.000847620158872746,176.2311629697431,0.0377066880464553,0.028963227360726148,0.029046418131739797,0.0203304110715786,0.0025240174764012174,0.000006370664221178771,0.6806232870749853,355.00161230535457,0.01544943820224719,0.02867236391951635,177.5,551.2430843672792,1.0000000000000002,0.0028089887640449437,1.9753817256919257,0.029887363407760784,0,0.6685528048028287,0.0015623373910784236,1.8863475814170467,0.19382022471910113,0.9021907219486187,0.42134831460674155,6.37915721000971,-0.09886006860172095,0.001630985371893753,0.0020698035614994345,0.0000014325650816098967,0.0007441841686765503,0.0014692830542723002,-0.0000018486838003033135,0,23.500324361730023,1.008490196343348,92,14,1.0330444142297404,0.0173762769748767,92,0.449438202247191,0.029072997839409243,0.28578829756066093,-0.0000018486838003032159,0.09206274483023216,-8.145654854599602,-995.8751928444003,0.8895232948487101,3.555379532623884,61,0.42134831460674155,0,1.3950282260326508,-0.04188131310274664,0.14517316116694248,0.7422911376831044,0.000010808764894220374,0.7347802643322993,0.0017340801211445558,0.006701748176554062,2.139520695176751,0.006447867077543704,0.0000476612116586176,0
35,"Magdalena Jovita Hatuopar","Pilangkenceng, Madiun",0.00000017971302471471512,0.00782012351108563,1,0.000000000493717100864602,158.43852508999282,0.00004011486045762356,0.00002146180670744345,0.00002161940539721305,0.0000028773593411128447,0.00000563518448016809,0.000000000031755304125527306,0.5965401557428818,364.00000000878134,0.01506849315068493,0.00002085601373168795,182.5,120347.52237603943,1.0000000000000002,0.0027397260273972603,1.9765409104521459,0.000023357984955193734,0,0.6053683688378793,0.000005253375472948894,1.4120016105462394,0.18904109589041096,0.7428961469772339,0.4602739726027397,19.829762333643465,-2.764661124871561,0.0000040426418529701965,0.000004651336497461685,-0.000000015236925514091902,0.000002564315417272309,0.0000032405500158552343,-0.00000002270487478776045,0.10684931506849316,42.79976613472288,0.9108980278757811,108,19,1.0375169582607127,0.00003723750111651071,109,0.463013698630137,0.000022189286858148282,0.28028267409547164,-0.000000022704874787761426,0.15654357555421217,-2.7078128767651926,-0.8300574590503365,0.8579145549321664,1.9196067972168875,59,0.4602739726027397,0,0.6112054134916077,-0.024201440685951793,0.16517917830603102,0.5034632307217611,0.00000000005025067691057376,0.0016930864850760534,0.000001358785222328462,0.000007428471593543283,2.1722727713857655,0.000007277183246789009,0.00000000005661621622163415,0,0.000005262835896936033,0.030442802129123113,1,0.000000014458340376197892,150.77683698112617,0.0004667199104287,0.00007844368365589071,0.00007821585074423586,-0.0002343877980531,0.00009091378871904305,0.0000000082653169792508,0.6151144405170684,364.0000028808639,0.01506849315068493,0.000056958655251452604,182.5,50553.96244123274,1.0000000000000002,0.008219178082191782,2.0098735753456847,0.00008111067076371,0,0.6305073181122024,0.00003669365059614027,4.082718338388142,0.19726027397260273,0.36665625622161574,0.4684931506849315,4.715636050870966,-1.5121888594332584,0.00005225742382958539,0.00008063013025542932,-0.000000665772490230316,0.000006118941055873389,0.00005465343415800606,-0.00000003254755880784078,0.21643835616438356,54.45232371766813,0.8814828998888641,104,16,1.0360593940223497,0.0007011077084818,104,0.4520547945205479,0.00012007800999665281,1.0098309670681431,-0.00000003254755880783711,0.22208878665400514,-0.5483582610351201,-3.2606735306186625,0.9243954166753542,1.7843160473628183,59,0.4684931506849315,0,0.09603995792007873,-0.007102561618392614,0.1528322616484205,0.4112314701638573,0.000000016142991073612654,0.029349367412976272,0.000003682765026898093,0.00009065800971118787,2.195066729340488,0.00009054443157318189,0.000000008207288688606917,84,0.32836311920707617,10.813141504673533,40,0.0009020964813381214,162.47457494204343,0.0418193240224824,0.02969872521862424,0.028989598815056864,0.0205051755314505,0.004196510993388212,0.000017610704517628117,0.707043359864829,364.00206896011116,0.01506849315068493,0.029347895065514,182.5,87.56617357608707,1.0000000000000002,0.0027397260273972603,1.899076574645009,0.027965127503311663,0,0.7701254645791235,0.0050813763493401005,0.34888081880526345,0.1780821917808219,0.9015366874949491,0.43561643835616437,44.00477652460661,-0.06743556638834046,0.003285567141583734,0.0025042732148974514,-0.000013645961976336541,0.0025442249606457655,0.0018765337505350504,-0.00002532594298454774,0,29.996409435445837,1.1000021789043368,113,14,1.0389670124804185,0.021314148491031904,113,0.4438356164383562,0.029993749084250468,0.7702419374019644,-0.000025325942984549226,0.09227897874259208,-6.732949028806898,-1154.9015137652248,0.585422083426093,3.5870378461164516,59,0.43561643835616437,0,1.4116227581416798,-0.04096624395333821,0.147333249417702,0.3412085237246433,0.00001733941290984235,0.9115554502226724,0.0016784278531070092,0.00639305607018074,2.1287362192429535,0.006146678808522649,0.000044614730036401865,0
36,"Mohammad Aziz Huzaini","Tanah Merah, Bangkalan",0.0000002182459143881557,0.008847446685341258,2,0.0000000005979340120223444,172.24691426626524,0.000032012823794502765,0.00002423931008019458,0.00002454921505467137,0.000016389700249419548,0.000002959080832306184,0.000000000008756159372121858,0.78860230450379,365.00000000167734,0.015027322404371584,0.000024071287236393057,182.5,158853.65927970616,1.0000000000000002,0.00273224043715847,1.9429451738791854,0.000024982418199215318,0,0.6294015662309372,0.000003430457924868556,0.3763970109737107,0.16939890710382513,0.8635135342388062,0.41530054644808745,32.64283679617414,-3.108301856690831,0.000002276198877829247,0.0000017796877773335066,-0.000000017379193391938544,0.000001720540145801915,0.0000005837797442205475,-0.000000017379193391940195,0,26.404864318134162,1.0328464867833835,59,14,1.0209810373074868,0.000015623123545083217,59,0.4453551912568306,0.000024419261097255678,-0.2633659948816208,-0.000000011707972077620002,0.09901474160821497,-6.026698406534507,-0.9640482971305435,0.8294936932052515,3.3339468966803656,55,0.41530054644808745,0,1.272249043035932,-0.03896164834645828,0.14216981029073084,0.5074362343763372,0.000000000012909188355709969,0.0006495860387267299,0.0000014221808345982681,0.000006623593242758713,2.1556688121075744,0.000006451841220188364,0.0000000000474063988131267,0,0.000007057043925863743,0.0505600692837775,21,0.000000019334366920174636,192.78246988179177,0.0001686773830442,0.00013852381324637773,0.000138123952756,0.0001065830741329,0.000009627769457726974,0.00000000009269394473114034,0.754575868457829,365.0000000118573,0.015027322404371584,0.0001386314233029,182.5,36685.91485677268,0.9984744065485794,0.00273224043715847,1.869414671494458,0.000134525513142985,0,0.6481423933441554,0.000013574837130075006,0.5870811643661495,0.13387978142076504,0.938888041149666,0.3743169398907104,40.633955040014996,-2.8695143830306717,0.0000076215935733549164,0.0000032229997176073976,0.0000000720985551980822,0.000006669612902299998,0.00000007249579240002288,0.00000007249579239999577,0,13.232015191153602,0.7805937326287072,30,7,1.0110547230240245,0.0000620943089113,30,0.43989071038251365,0.00013885798781866485,0.007792865359823072,0.00000006316970282663639,0.06145188966451483,-11.884087856294348,-5.22587549914628,0.7215687584809723,5.974040321508911,57,0.3743169398907104,0,2.023744787844624,-0.048654718013716285,0.12219944900531597,0.4373644390385656,0.00000000008363303007567084,0.0011763948969267,0.000008036674121187356,0.00003066991917049013,2.0834798057717876,0.000029519122144195925,0.0000000010451077453527955,0,0.29045055800319647,10.282226686768468,3,0.000795754953433415,182.2710604396784,0.0287840394303202,0.028169943039881264,0.02818875682029595,0.027365606278181,0.0001872663915932886,0.000000035068701420370906,0.9908741585631916,365.00000394212947,0.015027322404371584,0.028162558507906894,182.5,3756.529690771354,1.0000000000000002,0.00819672131147541,1.839825079843641,0.02814574451185756,0,0.7346318040863326,0.00014741641269214872,2.640026542671788,0.1448087431693989,0.9823275407553814,0,11.635762053222708,-1.4272502286846713,0.00012751016852489456,0.00006746850040800706,0.0000003436273092175322,0.00007193396172820027,0.00000071933961730275,-0.0000007193396172992805,0,-0.5279914999133419,0.8492638790608417,27,9,1.0098096962302503,0.0014184331521392007,27,0.40710382513661203,0.028170565481927676,-0.365008526533723,-0.000000291736699772249,0.007973491152211973,-119.16276265464835,-963.0504385980445,0.8107523982944395,58.08546816980397,59,0,0,7.170568030806715,-0.06245478418680878,0.04729972573315359,0.8877376438059557,0.00000005075082178985394,0.024626002648922576,0.0016368685753217062,0.005975075343784544,1.9696384545620695,0.005735819985050335,0.000041194937903189716,0
37,"Kurnia Maulinda Sari","Labang, Bangkalan",0.00000017215292667128895,0.006259693147030683,1,0.000000000680446350479403,123.41268944218552,0.000045239874452818185,0.000024696273453341705,0.00002636360439154311,0.000004337229711381951,0.000008237809499951438,0.00000000006786150535749018,0.8655109440789222,253.0000000109759,0.021653543307086614,0.000023175051865109708,126.5,226795.9318017621,1,0.007874015748031496,1.946894838569448,0.000026833684319171877,0,0.6916455921793628,0.000008094490340226909,0.1279821318649641,0.20866141732283464,0.6821039149260217,0.452755905511811,12.32834542290647,-2.7295943347210128,0.000006254259714134576,0.0000066697397125849075,0.00000003177104409684691,0.000004254286750438041,0.0000050019116315525025,-0.000000005025932254716783,0.09055118110236221,38.26877411253006,1.2373067640727946,63,11,1.033793380402222,0.000040902644741436234,63,0.45275590551181105,0.000026033966809530203,-0.08264491434560266,-0.000000005199437290593196,0.14899043553962837,-2.3098460521900535,-0.5380401113131932,0.883332404663794,2.169173793717659,42,0.452755905511811,0,0.716022132600897,-0.037291321762986065,0.1575266295460303,0.6449647083884563,0.00000000012328206714985736,0.0016874441472839816,0.0000017740172818165522,0.000011656822889809275,2.166184893545885,0.000011482341787899658,0.00000000013834388157112773,0,0.000008400255862840527,0.029238079458802302,1,0.000000033202592343243186,135.02917254465095,0.000469113670988,0.0000715979091414489,0.00006725241864611066,-0.0003405458701308,0.00016716941371651374,0.000000027945612882322934,0.6713688107245258,253.0000059959333,0.021653543307086614,0.00007729336721240039,126.5,2467.0628131099916,1,0.003937007874015748,1.983984616079439,0.00002380092337266,0,0.6241279848216446,0.0001789943657967413,0.07548153579397221,0.22440944881889763,0.20491799409773725,0.484251968503937,9.621884622822138,-1.3606363811312405,0.00012480703294793293,0.0001637795906558307,-0.0000020812119178637343,0.00009499224661568934,0.00012380469979687484,-0.000000008305050869239494,0.2125984251968504,58.22128705131032,1.0860762829486001,70,13,1.0373237989034698,0.0008096595411188001,70,0.4645669291338583,0.0001818567388791246,-0.13343588531033698,0.00000038615275255922246,0.22653320880615047,-0.27186305743237854,-2.047445739831381,0.9061549436220879,1.8409641983165228,43,0.484251968503937,0,0.13803646777710246,-0.008663611865171185,0.1514863193378584,0.23528054869282244,0.000000048891870418725474,0.041436236435925165,0.000007023186490746348,0.00016763250031242823,2.1939744130063175,0.00016744790895083825,0.000000028151508096328694,89,0.20850677733990508,7.2204653547484945,1,0.000824137459841522,126.85338667659265,0.0343424752354621,0.028547278990897405,0.02866017749571265,0.0224728677421808,0.002438377819108951,0.000005945686388722524,0.6538155879021547,253.00114339815434,0.021653543307086614,0.0283867865800857,126.5,213.4706606276934,1,0.003937007874015748,1.9809006881750018,0.029001151863485515,0,0.6816915268492796,0.002646253383986774,0.004761782632848988,0.2204724409448819,0.8571081434720408,0.42913385826771655,13.20823920848305,-0.20792255618510416,0.0018015843407253908,0.0022984149578667923,0.000023666938597505524,0.0012473531436079325,0.001806425862014266,-0.0000035632255336974505,0,19.918942140777137,1.1127255968794751,76,13,1.040069814880644,0.011869607493281299,75,0.43700787401574803,0.028651227271669442,-0.04996824334659465,0.0000005582279455635034,0.08529165032146055,-9.192227089688114,-486.93660311960207,0.8883330297345647,4.0357465074167544,42,0.42913385826771655,0,1.53948340077533,-0.06080802444527477,0.14288244138055123,0.7215287077166586,0.00001024067618275367,0.5814989843402985,0.0024084478326554036,0.007736972865065892,2.119571239831072,0.007319166464059319,0.00006340190178134605,0
38,"Deo Candra Saputra","Widodaren, Ngawi",0.00000021833415963888886,0.00864555,2,0.0000000005981757798325722,196.8265666155373,0.0000411,0.000023684562841530055,0.0000233,0.0000101,0.00000596514063405036,0.00000000003558290278399873,0.837416146252998,365.0000000076083,0.015027322404371584,0.00002365,182.5,62500.000000000015,0.8707323149929856,0.00273224043715847,1.970144937954847,0.00002405,0,0.6761474537517924,0.000007499999999999999,-0.10454294639720496,0.1994535519125683,0.7734863375980066,0.4453551912568306,21.6835998899846,-2.6714942345116115,0.000004688207321807161,0.000004792328767123287,0.00000002136986301369864,0.000003700000000000002,0.0000036999999999999985,0.00000009999999999999904,0.08743169398907104,38.820850043607145,1.1770567026062777,79,14,1.029397315599313,0.000031,82,0.4234972677595628,0.000024424197423423863,0.256990860619708,0.000000015385386536911007,0.13877830374150998,-2.8023367890150768,-1.08046261544366,0.8787798703202291,2.3703353825362354,60,0.4453551912568306,0,0.8222231234163925,-0.028700686837090972,0.1529908715722653,0.6442665025172425,0.00000000006049198694889004,0.0017491999999999998,0.0000014268606195854186,0.000009012510029920393,2.18183439914928,0.000008871674747891589,0.00000000008184281512649312,0,0.0000026907886551653194,0.020503577999999998,1,0.000000007372023712781697,206.4416985700309,0.000272,0.00002202525819672131,0.000017,-0.000208,0.00008286597355282627,0.000000006866769572857704,0.7923227923992001,365.00000167442136,0.015027322404371584,0.000024449375000000002,182.5,4347.826086956522,0.9798652554083812,0.00273224043715847,1.9685631753604294,0.000007999999999999991,0,0.6779314775160595,0.000108725,0.11442254709270294,0.20765027322404372,0.13595183848035958,0.4672131147540984,10.61384541042287,-1.5185099533041568,0.00006469819092836455,0.00007189494794520549,0.00000004657534246575307,0.000053225,0.00005465,0.000005600000000000001,0.1885245901639344,40.73403343755677,1.256975739690778,91,15,1.031872660776907,0.00047999999999999996,91,0.4453551912568306,0.00008574311384297833,0.30741756749781135,0.0000001391643044428304,0.21022996564398183,-0.1382522343423947,-3.8838733182873852,0.894136352582694,1.8532309764638057,61,0.4672131147540984,0.00546448087431694,0.3098698794737319,-0.010262631662258038,0.14852969242674907,0.22665676448552885,0.000000011878885268698968,0.026241656000000002,0.0000036631802414111787,0.00010384262778110748,2.187777492174676,0.00010375340971837332,0.000000010933931249909648,124,0.32323280320958253,10.784440079000001,4,0.0008855693238618699,186.4409481586375,0.037933614,0.0295530494795082,0.029181115,0.021309028,0.0031252203133615808,0.000009767002007047858,0.9784441623108335,365.0012456815681,0.015027322404371584,0.029604526250000002,182.5,89.36262997794522,0.9852410180612222,0.00273224043715847,1.9009512376931204,0.0271276331,0,0.7868748636785436,0.0048316478749999975,-0.4714903752329249,0.1912568306010929,0.9042641277689786,0.3989071038251366,31.586066103603418,-0.07169455865664909,0.0025725562375033596,0.0020441825835616437,0.000018364632876712322,0.0023451245000000003,0.0017136359999999976,0.000054568000000001365,0,14.186328675383285,1.15428532964354,97,16,1.0340002294205652,0.016624585999999997,98,0.40437158469945356,0.029717835310555638,0.3262536208975207,0.000005060849729876281,0.07939046148978196,-7.694134284075412,-1187.037097779319,0.7512796361372586,4.513453367256851,55,0.3989071038251366,0,1.6595144515908564,-0.044025681147877666,0.1341679880511508,0.5062337025138273,0.00001355599574277319,0.746126643,0.00180492899871551,0.007579122141992717,2.1390693455706655,0.00733659698425496,0.00006158603311567585,0
39,"Rifqi Fairurrafi","Bangkalan, Bangkalan",0.000000310253547418627,0.00993884127694855,5,0.0000000008642160095226378,194.64048535871638,0.00005502832573256456,0.000027646020296856477,0.000026906287194790257,0.0000037077027172927046,0.000009874865631591439,0.00000000009751297124198578,1.0780320595714183,359.00000000771587,0.015277777777777779,0.000027851892304574398,180,36567.582797171766,1,0.002777777777777778,1.7650208871523243,0.000021669920772637856,0,0.8838948643738467,0.000012449982149418145,-0.06564378920151848,0.16666666666666666,0.7189383534229945,0.4166666666666667,46.13187970351045,-2.7096131267001047,0.000007914490573264438,0.000003760823175960209,0.000000027511664978351682,0.000006194146022059453,0.000001666416260882721,-0.00000026757110886551055,0.04166666666666667,9.347653241565693,1.1690853929436362,40,12,1.014858412203945,0.000051320623015271856,41,0.20277777777777778,0.000029356692754739693,0.33476181345781636,0.000000020415681758858766,0.11108893794126068,-2.4625355006096044,-1.6431733678003217,0.7230755756976185,3.3026299617184276,54,0.4166666666666667,0,1.2073655729708939,-0.03643347629735619,0.13822397068612471,0.5902619767767463,0.00000000015475387411800596,0.0013501355201697152,0.0000013096461294355654,0.000017304698785297786,2.1031059318950613,0.00001724929947261702,0.00000000033554979047236003,0,0.000015492408303394865,0.05373212454780062,3,0.0000000427967080204278,192.91794410712507,0.0005967892357148,0.0000807515043254486,0.00006826304888812499,-0.0004268730117473,0.00019015258426414023,0.00000003615800530233095,1.042738795299327,362.0000043177675,0.015151515151515152,0.00007964451651784851,181,1920.1079453130474,1,0.0027548209366391185,1.8799396709771103,0.00003377499961064505,0,0.8215450651294968,0.00024275434634537862,0.04717061400463196,0.18181818181818182,0.22968691578375786,0.4380165289256198,30.592550227999002,-1.259331510705646,0.00014890983438392664,0.0001014645982695155,0.0000002125743575564354,0.00012009028952362924,0.00005802266969110672,-0.0000008736766176399986,0.12121212121212122,11.198151296088819,1.1018380741039837,47,14,1.0170053953843943,0.0010236622474621001,47,0.32506887052341604,0.0002065885058592416,0.17183358214988784,0.00000008226785240323288,0.16191018490767983,-0.2763801924724638,-17.16424456150211,0.8185409446039329,2.3318526254775307,63,0.4380165289256198,0,0.7368823401779755,-0.02292505525339607,0.14131081237270557,0.20773477527149575,0.00000007146588386299702,0.03673018457356461,0.0000020078644622305445,0.0003435325863778959,2.1406278309889,0.00034352648527359646,0.00000012916752301817362,72,0.29961377329324024,10.350760833360237,2,0.0008253822955736645,181.77777933823887,0.038156934082508,0.028525540203490542,0.028528725076466765,0.0198961831629276,0.003067298142284304,0.000009408317893660743,1.1412437685447687,363.00132960654224,0.015109890109890112,0.0284671382978558,181.5,143.11113069871922,1,0.005494505494505495,1.9125012703037236,0.028113521076738777,0,0.8064112313493759,0.0036011351427684343,0.6102082775480384,0.18406593406593408,0.897735405984255,0.4010989010989011,20.7447042224372,-0.024092923651863357,0.00234330298297864,0.001807918120432163,0.000025873044223496428,0.0018022864125669148,0.0010254558175802203,-0.00017481460236012936,0,10.079099171653846,1.2246251476654908,56,14,1.019905225081652,0.018260750919580397,55,0.3461538461538462,0.02868997667818181,0.03991604911487304,0.0000002117240931480301,0.0820375998288909,-7.1665419356351885,-1152.5290878287224,0.8238636272461718,4.479037866592576,56,0.4010989010989011,0,1.6206397251130154,-0.043576845090722516,0.13188659656652,0.7862002495689686,0.000016339046127238734,0.6562742777168752,0.001718880720582831,0.008169500782443892,2.123323596347262,0.007965175415035853,0.00007259987048234292,0
40,"Fathan Ruhul Alam","Warudoyong, Kota Sukabumi",0.0000005329787318868827,0.012644462728261332,29,0.0000000014602157037996788,213.86922103303064,0.00006888131611049175,0.00003465482345398836,0.00003652301352283189,0.000002622826263642877,0.000015977147892527072,0.00000000025526925477968223,1.2564991087318345,365.00000000575324,0.015027322404371584,0.00003424366059334716,182.5,32739.118615472024,0.9813569300447754,0.00546448087431694,1.5590694228654598,0.00003906499567940976,0,0.9725633699849857,0.000016685669455303774,-0.35787929927250905,0.1284153005464481,0.7917761620960774,0.3743169398907104,61.50525215036905,-2.906206503044615,0.000012338384866194958,0.0000025409481584590716,0.00000010052092264929459,0.000008101763686497794,0.0000009382256885638086,0.00000002499756293319655,0.01912568306010929,9.198422143279297,0.8155575382020337,21,11,1.0085587386261228,0.00006625848984684888,22,0.11475409836065574,0.00003816052991517261,-0.3125579516935767,0.00000007758348885574036,0.08358256160229087,-2.495765503228651,-2.471395272513525,0.4943867594871777,4.717588699294471,57,0.3743169398907104,0,1.6231827445501268,-0.042943912423192634,0.12269895929628112,0.3296304465907227,0.00000000021297411512929848,0.0009274460778375611,0.0000015426064110140719,0.000017851400400990503,2.050830008395393,0.0000177797164165005,0.0000000003710672458243712,0,0.000012391128939004958,0.049975254541417824,5,0.00000003394829846302728,162.16026347760956,0.0004879311183887,0.000022579333861366763,0.00002307273734913906,-0.0004397374856732,0.00018260809738774127,0.000000033345717231570806,1.248793009284871,365.0000027733263,0.015027322404371584,0.000015829929907350002,182.5,2144.8556301267035,0.9911280921816754,0.00546448087431694,1.784548070704976,-0.000022286613845345048,0,0.8809487949641661,0.00024226631458634999,-0.300522805268423,0.1721311475409836,0.23721629580835304,0.4562841530054645,39.85952937566482,-1.389597944263426,0.000145819206476513,0.0000756866059509258,-0.0000002737573670120026,0.00012037233059695258,0.000035155972727807236,0.0000048071933633764274,0.09836065573770492,6.846476313944382,0.9754594724233553,38,12,1.013878622778532,0.0009276686040619,37,0.2459016393442623,0.00018399875964036788,-0.011570244832499901,0.00000008741859223940804,0.1562580872241139,-0.025967255654212217,-15.940651301988002,0.7581429337244889,2.4386460312365226,55,0.4562841530054645,0.00546448087431694,0.8575111135998315,-0.024190040006562386,0.14697288557440577,0.12389315556282698,0.00000006648523801931623,0.027625611172087915,0.0000006465527724748047,0.0003423713674216139,2.0880156565823795,0.00034237052858152186,0.00000013693869442699064,66,0.29330080088463273,10.24481995357198,5,0.0008035638380400897,190.38230398134172,0.037859309464693,0.028070169291077265,0.0279939056684573,0.019468592479825,0.003665229105829687,0.000013433904398221086,1.0868815902387874,365.0010204734863,0.015027322404371584,0.027764181420206903,182.5,95.95289635334413,0.9993583051330969,0.00273224043715847,1.8715455797246188,0.0277444151230156,0,0.8024069041305468,0.005192149853841827,-0.2798007263098148,0.1721311475409836,0.8959520722600417,0.3770491803278688,63.574697303899285,-0.05445970358464704,0.002936969923584854,0.0016830490264174054,0.000030010428330669587,0.0026072319597005515,0.0011772895231842995,0.000003483767310800273,0,4.5267275956456485,1.1043070113830278,57,15,1.0206389047348732,0.018390716984868,58,0.2814207650273224,0.02830844941758482,0.13884260870606926,0.00000952466330405525,0.0738155065867298,-6.914684562577901,-1218.143369774696,0.6671732030424644,5.26965436451317,59,0.3770491803278688,0,1.8069195137574592,-0.04546429465752544,0.12468059757151576,0.39798755936110597,0.00001637939749019162,0.614312894642353,0.001803231771237375,0.00833734097891178,2.132056272453738,0.008114372343289386,0.00007485103515774694,0
41,"Laila Maghfiroh","Kamal, Bangkalan",0.0000007363589324494517,0.01505902219167865,11,0.0000000020174217327382237,166.0395621024865,0.00008567769327783026,0.00004117464926125003,0.00004101280819668318,-0.000000681973688188009,0.000017792074351077688,0.0000000003165579097142765,1.028646184239953,365.00000002415675,0.015027322404371584,0.00004093075271157431,182.5,16712.021368301095,0.9993583051330969,0.00273224043715847,1.7890512543145727,0.00003817987644652021,0,0.8553736639716752,0.000029262426819927484,-0.725902718710568,0.15300546448087432,0.7123329890242857,0.4262295081967213,60.33667076409675,-2.4827614132308917,0.000014952908295731071,0.000007519016396008115,0.000000018144455430981395,0.000014798014944972236,0.000004730113687401172,0.0000003434856807871256,0.04918032786885246,21.487113858831304,1.1152265141685604,58,17,1.0209810373074868,0.00008635966696601827,59,0.1994535519125683,0.00004485431586259269,0.1306029354054684,-0.00000003233197612628268,0.11906961348443279,-2.0136520863468466,-2.7108717515299876,0.6618586295443175,2.9473029140692955,56,0.4262295081967213,0,1.0965915134125084,-0.03378650162023333,0.144113460946732,0.28263308611032334,0.00000000043474354592161953,0.002744440984542962,0.000001433485443222511,0.00002349719416181886,2.1310370572888937,0.000023443512950164643,0.0000000006029032543764983,2,0.00001298858587057292,0.046873866724799915,2,0.00000003558516676869293,209.62040109374647,0.0005254685820546,0.00004216372798359378,0.00003402319548099926,-0.0004605851136147,0.00018360326679994014,0.00000003371015957961,0.8211975915714909,365.0000071172887,0.015027322404371584,0.0000394377439079,182.5,1908.2986836751977,0.9993583051330969,0.00273224043715847,1.9441530352680916,-0.000016860950563514943,0,0.7164657561467009,0.00025190865835607735,-0.08345080317613984,0.19672131147540983,0.17586487300792186,0.453551912568306,16.221574551385963,-1.2172787922751493,0.00014673646045677163,0.0001342469636941264,0.000000507458055723835,0.00012572769560390776,0.00007401862967529999,-0.000015533986697899996,0.1830601092896175,34.750006942341564,1.2699100539675645,69,20,1.0247162362808873,0.0009860536956693001,70,0.3879781420765027,0.00018838242894995402,0.08814715145121552,0.00000039919416406109287,0.20112669652912787,-0.11204440503510484,-10.03270880746215,0.8639178835707424,1.916027238107096,60,0.453551912568306,0.00273224043715847,0.35913234230822233,-0.01261172437391718,0.14551500859191058,0.24630819853442465,0.00000005709912978001748,0.04900014174835614,0.000007582746344744516,0.00023366691554440428,2.1841202560397264,0.00023349252726810946,0.00000005563041529975689,106,0.3081065855315507,10.537446459289619,2,0.0008441276315932896,182.59946814353057,0.0365699362009763,0.028877290432682313,0.0287365856476955,0.0210137199610471,0.0028148479906812567,0.00000792336921064231,0.8380363436517386,365.00129666351097,0.015027322404371584,0.02881676342803975,182.5,123.66717305701785,0.9993583051330969,0.00273224043715847,1.8950282701941241,0.028014017269015243,0,0.7419841711018944,0.0038726573693566475,-0.24031830147911748,0.1885245901639344,0.9074503164172479,0.40710382513661203,21.37823241185038,-0.07728797988293884,0.0022833925114539807,0.0018329948186874383,0.000022423002001357252,0.0019393038108117492,0.0011588651686906017,-0.00013987937321269933,0,16.581410758844893,1.3013359979671004,62,15,1.0221751011622833,0.015556216239929203,62,0.3524590163934426,0.02901415640586725,0.15017834452716783,0.00000010985423076345619,0.08280859577504092,-7.664218598878262,-1140.8701880703509,0.8470204683163706,4.384436480338825,58,0.40710382513661203,0,1.5990112285431948,-0.043143633804701556,0.1345237086043847,0.7532211900864332,0.000013602383815627595,0.669043108820915,0.001635571495510618,0.0069587896391396275,2.1438353299284283,0.006737348925112446,0.000050711757840004946,0
42,"Dewi Geizya","Banyuajuh kamal, Bangkalan",0.0000008121672659845535,0.015738569008533432,16,0.0000000022251157972179548,166.1261421880377,0.00008567769327783026,0.00004303487233973787,0.0000417023538830108,-0.000000681973688188009,0.000019158183853431948,0.00000000036703600856190056,1.0032156044450269,365.0000000248157,0.015027322404371584,0.000043441417801659554,182.5,13820.54547445588,0.9993583051330969,0.00273224043715847,1.8039932480368253,0.00002954390974991839,0,0.8340239153659866,0.00003215723427274497,-1.0011239913928944,0.14207650273224043,0.7339929155751234,0.4262295081967213,108.06273402564277,-2.4719911299660207,0.00001644956263637851,0.000007508459333471925,0.000000025239413632446747,0.000015973803122258026,0.000004319947947806213,-0.00000010759057741697108,0.04644808743169399,23.31917880707937,1.2321875326601262,58,16,1.0209810373074868,0.00008635966696601827,59,0.17759562841530055,0.000047106647576105816,0.01619804289652991,-0.0000000356778310269977,0.11827949567181392,-2.0577894430610026,-2.7942882473141797,0.5898756521575023,2.9187817928788364,59,0.4262295081967213,0,1.0981296825397406,-0.0339903910111277,0.14512077115461774,0.1926398322271392,0.0000000004288036724043936,0.0027405876567172527,0.0000013691263847734037,0.000023301372184669646,2.1336126826135633,0.00002325203788565444,0.0000000005912101754029942,2,0.000016954385356392793,0.05195754604101868,1,0.00000004645037083943231,188.6312736929798,0.0006980637786,0.00006323833798030574,0.00004048302998853614,-0.0005179217550903,0.00020572887465640898,0.000000042324369867392434,0.7449654073275133,365.0000105075868,0.015027322404371584,0.00005966574099146203,182.5,1695.547847438544,0.9993583051330969,0.00273224043715847,1.958233271365067,0.000029271735070334962,0,0.691955937442701,0.0002529684176723896,0.4207272795329122,0.19398907103825136,0.15864781912420098,0.4781420765027322,19.242782307391636,-1.1338662206328864,0.00016156389427980213,0.00016519618715115806,0.0000004895779978775925,0.00012869764959759776,0.00009988991951102405,-0.0000005808815331000003,0.1885245901639344,42.833400198506865,1.5414113940251057,74,17,1.026229611133446,0.0012159855336903,74,0.4016393442622951,0.00021522884857263862,0.29268278221384786,0.00000029398774198974324,0.21349990361759427,-0.16736099350018047,-9.02230506976754,0.9015952713415581,1.8154074650791703,60,0.4781420765027322,0.00273224043715847,0.3142114541810668,-0.009418826281523261,0.1518185938449735,0.20109473039996428,0.00000008118281053913461,0.060296608310172695,0.0000037709816462372142,0.0002480411720799919,2.1852502313447038,0.0002479984768080474,0.00000006261970896937062,107,0.31140094865145335,10.591013461817038,2,0.0008531532839765845,184.36869595585628,0.0373450219631195,0.029009677893405764,0.02903643995523445,0.0197389852255582,0.003043164897907139,0.000009260852595854166,0.874396260596254,365.00183176142014,0.015027322404371584,0.029035150332169364,182.5,123.16997105284625,0.9993583051330969,0.00273224043715847,1.91699614183733,0.029422305431216916,0,0.7738470295907484,0.004114061344547983,-0.035760731363824405,0.19398907103825136,0.8954632410335371,0.4207650273224044,24.002281253325673,-0.005629447308633839,0.0024080259435949416,0.0021133321656347966,-0.000006005142445433696,0.0020653558894991753,0.0012215681906257297,-0.0001984419715073335,0,23.236510743250108,1.32706359490402,64,14,1.0228550659105913,0.0176060367375613,64,0.43169398907103823,0.029168857778031163,-0.06966767624936067,0.0000024105141681221927,0.09232741145814356,-6.8304599716142125,-1137.7187376727125,0.8733294113866985,3.6860131185797167,60,0.4207650273224044,0,1.4148637562828643,-0.04068730956967296,0.1418259895035062,0.8064241202647029,0.00001702062832765966,0.7713662404567008,0.0017203985359927297,0.007743424926687693,2.111790911999179,0.0075319262514974405,0.0000669676231059183,0
43,"Fathul Aziz Saifuddin","Dukun, Gresik",0.0000003538827312191349,0.010674711487186843,3,0.0000000009695417293674928,203.13740994516974,0.00005755709298682632,0.000029227900683145904,0.000027843890620715683,0.000002818551593009033,0.000010612376261005896,0.00000000011262252990516148,0.9435468298568089,365.0000000114626,0.015027322404371584,0.000029098034398581753,182.5,31723.469935477682,0.9993583051330969,0.00273224043715847,1.9023381580726784,0.000027450895220226813,0,0.827024705242503,0.00001447652597145558,-0.2722825578174928,0.17759562841530055,0.6815416622447028,0.42896174863387976,72.11182110789811,-2.551247769637046,0.000008505852469315001,0.000005315316405928827,-0.00000003717708351945326,0.000006951820428942788,0.0000035272589897772377,-0.00000041893486013578124,0.06830601092896176,12.876901981820593,0.9866067341170461,55,16,1.0199533347767953,0.000054738541393817286,56,0.2896174863387978,0.00003109489842802196,0.4557534022454287,0.00000002703282829525446,0.12258561761616146,-2.2875597716157223,-1.7304428821344242,0.7083322809491268,3.0393712686330376,60,0.42896174863387976,0,1.0652527776254128,-0.03287919902642886,0.14083023876610656,0.34155553592162813,0.00000000015152519640960886,0.001940090488164022,0.0000021785438663664303,0.000017157718359663304,2.1469403361529604,0.00001699296492701081,0.0000000003121896592096106,0,0.00000761897817947096,0.037853620364717885,2,0.000000020873912820468383,200.5578654746083,0.0003898909781128,0.00004153139848096935,0.00004553071112428456,-0.0003100623689533,0.00013817388759093926,0.000000019092023211993517,0.8202101449820733,365.0000029680165,0.015027322404371584,0.00003612912269089266,182.5,3127.8891883651513,0.9993583051330969,0.00273224043715847,1.920718517799209,0.000074911971933055,0,0.7645754933675117,0.00017482633048371114,-0.09465472310226009,0.19398907103825136,0.24357246361206827,0.4562841530054645,27.823635721141905,-1.3633444165372213,0.00010791462520115437,0.00009251477270222064,-0.0000004393888409374427,0.00008573564962449468,0.0000767055482053,0.000010437087780701404,0.15027322404371585,30.586006872166447,1.2255114422841624,71,15,1.025221627411301,0.0006999533470660999,71,0.37158469945355194,0.00014428056096293284,-0.04141267013112601,0.00000029420059644588896,0.18175566265476242,-0.16079684406413905,-10.16553808126727,0.8300606904980445,2.1267281234822097,63,0.4562841530054645,0.00273224043715847,0.5420027483815482,-0.017610407145727574,0.14334664288315382,0.24285335330267577,0.00000003217242618333582,0.03376789203631053,0.0000031426111417698855,0.00019567944583434666,2.168509303944049,0.00019564385636303784,0.00000003993644964651255,92,0.3135979841614394,10.614795721441972,3,0.0008591725593464093,183.02356522211505,0.0385938324034214,0.029080775671563478,0.0288302599090254,0.0203225445002317,0.0033367019161842544,0.000011133579677467675,0.888164652376767,365.0014519060876,0.015027322404371584,0.028920787852257452,182.5,99.39830246824027,0.9993583051330966,0.00273224043715847,1.8513738595918923,0.028544624056667064,0,0.8043949816025421,0.004887287431838274,-0.17794628052488592,0.18032786885245902,0.9122364308484984,0.42349726775956287,21.010216283157398,-0.09222497864417935,0.002713396975206256,0.0019000307467550506,0.000018201732676323014,0.00242455216357485,0.0011345079789559023,-0.00018871016800399779,0,16.81431718635885,1.2770520902838216,72,16,1.025726084160307,0.0182712879031897,73,0.412568306010929,0.02927157483527776,0.3085092405169427,0.0000007250312749382081,0.08163106440957478,-6.979763094213388,-1202.588752915435,0.7778813079398241,4.506906187048203,59,0.42349726775956287,0,1.6452964429242458,-0.04344749501252337,0.13441281049283782,0.540602661249904,0.000017050933567460805,0.6935112225655935,0.0017676104343413701,0.007695343279955972,2.1214236644855777,0.00746718949156615,0.0000640251770389116,0
44,"Moh Rafie Nazar J","Kecamatan Bangkalan,Bangkalan",0.0000002465829330911849,0.009029888755689688,2,0.0000000006737238609048768,182.40488435007293,0.00004559376975521445,0.000024665160836932702,0.00002445092746604453,0.000004477310540096369,0.000007969814424071642,0.0000000000635179419541404,0.9169336744255286,366.00000001032157,0.014986376021798364,0.000024553176685962478,183,48036.35143423529,1,0.005449591280653951,1.9129708694803833,0.000027091363108411315,0,0.7840247624921365,0.000010509707335635726,-0.007252439124884269,0.1907356948228883,0.7310662565887326,0.444141689373297,26.654047867714013,-2.6060890391871374,0.000006330128676896234,0.000005590592659301239,-0.00000001993467949976475,0.000005229131441892066,0.000004226853053020029,-0.00000026003858916336656,0.07901907356948229,28.10672945874191,1.594513866610449,83,14,1.02897672537056,0.000041116459215118084,83,0.42234332425068116,0.000025920804406227422,0.23814078523793655,-0.0000000003682344735373633,0.13707791688697638,-2.1948296277998907,-1.3442193491124395,0.8656213048874551,2.505019379679214,59,0.444141689373297,0,0.8905625297185611,-0.02912217536246662,0.15089674551734208,0.6038722404458736,0.00000000011584975764181542,0.0020461569133042533,0.0000011938086512538147,0.000012010344486870304,2.1652605361589243,0.00001193470581714383,0.00000000014890040065891698,0,0.000002785333732364116,0.021216895687397444,1,0.000000007610201454546764,208.34557899280082,0.000257623490206,0.00003597424329632317,0.000029298487502794287,-0.0001690351531248,0.00007934304651359407,0.000000006295319030058353,0.7770544365243901,366.0000015008459,0.014986376021798364,0.000036544096065582445,183,4653.630094092561,1,0.005449591280653951,1.9575767825044437,0.00002296123637406,0,0.7158820026234994,0.00009160271175627432,0.19567335708366151,0.2016348773841962,0.1961047680861329,0.4632152588555858,10.719714277706899,-1.5441585815157284,0.00006153752196883425,0.00006731991347990387,-0.00000040901812673583316,0.000047155044049875596,0.00005011356933897837,0.000003914834795752651,0.18256130790190736,36.13624116541985,1.214891059104787,101,14,1.0348706116667346,0.0004266586433308,101,0.4196185286103542,0.00008711753675811435,0.19390247881779082,0.00000013320332691533265,0.20368363035703316,-0.2701743409487665,-4.400137643033802,0.8999846031055854,1.9259444249994493,61,0.4632152588555858,0,0.3573588112976585,-0.011840564641100264,0.14817377389325861,0.25863850912267217,0.000000011489921559149947,0.024639088333644817,0.00000195848090473143,0.00010645294286315481,2.1835606102103142,0.0001064302980080411,0.000000011623363970877136,117,0.2995261891694458,10.417298970044941,2,0.0008183775660367371,182.48998966607274,0.0351127202694232,0.028467189478293027,0.0283084206464813,0.0225420724600553,0.0024014115889663006,0.0000057667776196216525,1.0179169274679365,366.00081408644763,0.014986376021798364,0.0283309201546657,183,154.85347458210754,1,0.0027247956403269754,1.9135741471776302,0.026941799193334066,0,0.7520975610394262,0.003202453078903652,0.07104739412709371,0.1880108991825613,0.9153689999046101,0.3869209809264305,13.701610106314224,-0.12991003095329254,0.0019130690711499834,0.0015565741154115482,0.00002216798414515247,0.0016080533779734008,0.0011692070876962515,0.000045464202469480686,0,10.822502267386737,1.27632211053065,80,17,1.027815944631726,0.0125706478093679,79,0.3460490463215259,0.02856829806643474,0.4098291742485468,-0.0000005727592669391859,0.07043322959766038,-9.192985650010673,-1123.1378935585406,0.8181483994175761,5.460886122768555,60,0.3869209809264305,0,1.8685391409127137,-0.04641389828498919,0.1254487208970341,0.683928597234042,0.000009931198910807152,0.5697061262406267,0.0016629678568449878,0.006964545288086295,2.1334108663377016,0.0067411436944442545,0.00005237838605564765,0
