"id","nama","daerah","no2_abs_energy","no2_auc","no2_autocorr","no2_average_power","no2_calc_centroid","no2_calc_max","no2_calc_mean","no2_calc_median","no2_calc_min","no2_calc_std","no2_calc_var","no2_dfa","no2_distance","no2_ecdf","no2_ecdf_percentile","no2_ecdf_percentile_count","no2_ecdf_slope","no2_entropy","no2_fundamental_frequency","no2_higuchi_fractal_dimension","no2_hist_mode","no2_human_range_energy","no2_hurst_exponent","no2_interq_range","no2_kurtosis","no2_lempel_ziv","no2_lpcc","no2_max_frequency","no2_max_power_spectrum","no2_maximum_fractal_length","no2_mean_abs_deviation","no2_mean_abs_diff","no2_mean_diff","no2_median_abs_deviation","no2_median_abs_diff","no2_median_diff","no2_median_frequency","no2_mfcc","no2_mse","no2_negative_turning","no2_neighbourhood_peaks","no2_petrosian_fractal_dimension","no2_pk_pk_distance","no2_positive_turning","no2_power_bandwidth","no2_rms","no2_skewness","no2_slope","no2_spectral_centroid","no2_spectral_decrease","no2_spectral_distance","no2_spectral_entropy","no2_spectral_kurtosis","no2_spectral_positive_turning","no2_spectral_roll_off","no2_spectral_roll_on","no2_spectral_skewness","no2_spectral_slope","no2_spectral_spread","no2_spectral_variation","no2_spectrogram_mean_coeff","no2_sum_abs_diff","no2_wavelet_abs_mean","no2_wavelet_energy","no2_wavelet_entropy","no2_wavelet_std","no2_wavelet_var","no2_zero_cross","so2_abs_energy","so2_auc","so2_autocorr","so2_average_power","so2_calc_centroid","so2_calc_max","so2_calc_mean","so2_calc_median","so2_calc_min","so2_calc_std","so2_calc_var","so2_dfa","so2_distance","so2_ecdf","so2_ecdf_percentile","so2_ecdf_percentile_count","so2_ecdf_slope","so2_entropy","so2_fundamental_frequency","so2_higuchi_fractal_dimension","so2_hist_mode","so2_human_range_energy","so2_hurst_exponent","so2_interq_range","so2_kurtosis","so2_lempel_ziv","so2_lpcc","so2_max_frequency","so2_max_power_spectrum","so2_maximum_fractal_length","so2_mean_abs_deviation","so2_mean_abs_diff","so2_mean_diff","so2_median_abs_deviation","so2_median_abs_diff","so2_median_diff","so2_median_frequency","so2_mfcc","so2_mse","so2_negative_turning","so2_neighbourhood_peaks","so2_petrosian_fractal_dimension","so2_pk_pk_distance","so2_positive_turning","so2_power_bandwidth","so2_rms","so2_skewness","so2_slope","so2_spectral_centroid","so2_spectral_decrease","so2_spectral_distance","so2_spectral_entropy","so2_spectral_kurtosis","so2_spectral_positive_turning","so2_spectral_roll_off","so2_spectral_roll_on","so2_spectral_skewness","so2_spectral_slope","so2_spectral_spread","so2_spectral_variation","so2_spectrogram_mean_coeff","so2_sum_abs_diff","so2_wavelet_abs_mean","so2_wavelet_energy","so2_wavelet_entropy","so2_wavelet_std","so2_wavelet_var","so2_zero_cross","co_abs_energy","co_auc","co_autocorr","co_average_power","co_calc_centroid","co_calc_max","co_calc_mean","co_calc_median","co_calc_min","co_calc_std","co_calc_var","co_dfa","co_distance","co_ecdf","co_ecdf_percentile","co_ecdf_percentile_count","co_ecdf_slope","co_entropy","co_fundamental_frequency","co_higuchi_fractal_dimension","co_hist_mode","co_human_range_energy","co_hurst_exponent","co_interq_range","co_kurtosis","co_lempel_ziv","co_lpcc","co_max_frequency","co_max_power_spectrum","co_maximum_fractal_length","co_mean_abs_deviation","co_mean_abs_diff","co_mean_diff","co_median_abs_deviation","co_median_abs_diff","co_median_diff","co_median_frequency","co_mfcc","co_mse","co_negative_turning","co_neighbourhood_peaks","co_petrosian_fractal_dimension","co_pk_pk_distance","co_positive_turning","co_power_bandwidth","co_rms","co_skewness","co_slope","co_spectral_centroid","co_spectral_decrease","co_spectral_distance","co_spectral_entropy","co_spectral_kurtosis","co_spectral_positive_turning","co_spectral_roll_off","co_spectral_roll_on","co_spectral_skewness","co_spectral_slope","co_spectral_spread","co_spectral_variation","co_spectrogram_mean_coeff","co_sum_abs_diff","co_wavelet_abs_mean","co_wavelet_energy","co_wavelet_entropy","co_wavelet_std","co_wavelet_var","co_zero_cross"
1,"Muhammad Ali Murtadho","Baron Nganjuk",0.0000003327523589749999,0.010369545,17,0.0000000009116502985616436,203.67139246492795,0.0000551,0.000028400396174863388,0.000028125,0.00000512,0.000010128027836759296,0.00000000010257694786217116,1.0111873717963482,365.0000000088079,0.015027322404371584,0.0000284,182.5,34722.222222222226,0.9287342343531199,0.00273224043715847,1.8402217765335815,0.000027611,0,0.8030928883290134,0.000014499999999999997,-0.4153972696574031,0.1721311475409836,0.7482000167589987,0.4344262295081967,122.0040479667109,-2.695205876984811,0.000008224978948311384,0.000004563671232876712,0.000000012054794520547979,0.000007108333333333333,0.000002500000000000003,0.00000039999999999999956,0.040983606557377046,24.367022008749775,1.2835787834222159,67,16,1.0240409199302392,0.00004998,68,0.3224043715846995,0.000030152271071204005,0.10277620455377064,0.000000028533078660091594,0.12009617793696399,-2.5271552246904143,-1.5898224673574453,0.6218784399985978,2.717229248164933,61,0.4344262295081967,0,1.0546673709344292,-0.033521597326724696,0.15038401443157448,0.26412185458590776,0.0000000001212041089118446,0.00166574,0.0000018356028364569003,0.00001427502471396925,2.123943337276369,0.000014139952706780993,0.00000000022452865685211698,0,0.000008979465984823255,0.0385608673333325,2,0.000000024601276670748644,182.9778638300839,0.000417635,0.00007236448274134618,0.000048616666666666665,-0.000283754,0.00013891523208561582,0.000000019297441705400508,0.8872548995897889,365.0000033396443,0.015027322404371584,0.0000740145,182.5,2209.873123817718,0.9946242373471591,0.00273224043715847,1.9253324731598667,0.000031871049999999983,0,0.7473872987140817,0.0001788985,-0.14803487859144404,0.19398907103825136,0.25785782939492413,0.45081967213114754,30.600468752022017,-1.3718210684380836,0.00011057402534214954,0.00009070859452054793,-0.0000013514027397260294,0.000085129,0.000051000000000000006,-0.00000141,0.1557377049180328,28.397766126407603,1.0014732015553434,73,19,1.025894029566716,0.000701389,73,0.4098360655737705,0.00015663352153298188,0.3899757743138833,0.000000028643843463064767,0.18353188705262347,-0.3177817420817053,-10.63496447658748,0.8614126631277221,2.0536399704108823,61,0.45081967213114754,0,0.5054126183454414,-0.01715205358783066,0.14581357414525456,0.20383327592303557,0.000000031389375218409366,0.033108636999999996,0.000009000962214797764,0.00019162385556915204,2.1758857582423037,0.00019135651410926552,0.0000000377542329690527,89,0.33927146622013094,11.038776230874896,5,0.0009295108663565231,186.88403347493332,0.0390360428542217,0.03024794662854387,0.03047928284586015,0.0218767039477825,0.0034688534038565242,0.000012032943937446995,0.7438919076540899,365.0013282384109,0.015027322404371584,0.029960249343502353,182.5,134.23098405539912,0.9978327116816761,0.00273224043715847,1.8995776308092152,0.03131434034632406,0,0.726390148511814,0.004611779972615224,-0.36328166935924955,0.18032786885245902,0.8946490954183393,0.3633879781420765,56.67827792993572,-0.04543873406303635,0.0028004471298369265,0.002009467600025481,0.00002077125874737808,0.002304652679918551,0.0015118463585775052,-0.000008287780459897282,0,14.097727906016749,1.0225842601310813,73,18,1.026061871834679,0.0171593389064392,73,0.32786885245901637,0.0304462020485427,0.2016409918098248,0.000005774291730333047,0.07394726945832411,-7.492460601204667,-1267.0558921225386,0.7072994691025806,4.839768795208583,57,0.3633879781420765,0,1.6847533785374011,-0.04543029333366867,0.12264645896913427,0.4274315831945764,0.000015522052397443953,0.7334556740093006,0.0018689902152699408,0.007932463614546727,2.1383939418470534,0.007684763818613941,0.00006777005785744136,0
2,"Ainur Raftuzzaki","Nunukan",0.000000017180859368315924,0.0017364465440687592,2,0.00000000007158691403464968,124.29020548054915,0.000018075137631967664,0.000007098302317895225,0.000007347458438171562,-0.000003422151394261164,0.000004572086733794506,0.000000000020903977101339715,0.9084146605092837,240.00000000200288,0.02282157676348548,0.000006973621960348471,120,92234.96915438029,0.9989512357832779,0.012448132780082988,1.882071406626117,0.00000840135757016469,0,0.790648105737277,0.000005901275277163313,-0.35957598613543285,0.21991701244813278,0.5095765097244831,0.43983402489626555,18.91769665198427,-3.048614141473494,0.0000036370572283278197,0.0000029854004909691553,0.000000014369654384912143,0.000002980531905787321,0.000002285818290425189,-0.00000029667563371749913,0.1078838174273859,24.869718660339004,1.1872799381781889,51,9,1.029626386862637,0.000021497289026228827,51,0.2780082987551867,0.000008443333044336013,-0.09327612945958193,-0.00000000011482357887816914,0.14439265049104086,-1.2744240846081234,-0.21855353508987674,0.829479405388002,2.6100306291502458,41,0.43983402489626555,0,0.8275681329280019,-0.04114300546558633,0.14147140710391734,0.5677374342045933,0.00000000003817827610105922,0.0007164961178325973,0.0000006587170674841141,0.000007292222675472134,2.165031562561882,0.0000072556367347963966,0.00000000005564902665490107,18,0.0000005763841793111855,0.007265306644380585,1,0.0000000024016007471299396,127.15493128754615,0.000117966063223,-0.000005128804140459256,-0.000003884277248289436,-0.0001232692447956,0.00004863466836414542,0.0000000023653309668904073,0.911903675000882,240.0000004313536,0.02282157676348548,-0.000005578456693910994,120,8651.353116141949,1.0000000000000004,0.016597510373443983,1.9944028595972934,-0.000014713356187230006,0,0.6432907440763695,0.00005883674384676851,-0.1780379984404945,0.22821576763485477,0.08616066866814363,0.4605809128630705,9.2059859264894,-1.8894929069761242,0.000038086301907597996,0.00004625470274762398,0.0000005709266739962629,0.00002946585664176382,0.000034353449336776976,0.000000796283449157995,0.2157676348547718,46.217028011687795,1.2499982053060776,66,13,1.0374718694981275,0.0002412353080186,66,0.4190871369294606,0.00004890435153236979,-0.132388190574983,0.00000003439335127340203,0.22761647970623097,-0.04363002415650069,-0.4552816204128043,0.900376496432392,1.954290696413956,41,0.4605809128630705,0.02074688796680498,0.2385309057980727,-0.008398640036461172,0.13753413181545152,0.21974882046209765,0.000000004443822311154527,0.011101128659429756,0.0000009477312264668787,0.000048950524930876704,2.187046428106364,0.000048935462570036635,0.0000000024374764979787625,95,0.1871509075537447,6.648377338680392,3,0.0007797954481406029,122.31481879949892,0.0355846099627212,0.02769112738952624,0.027619332075119,0.0201615439685277,0.0031242993258830155,0.000009761246277713065,1.079313584786378,240.0005862354239,0.02282157676348548,0.02753646629201155,120,118.39944389604806,0.9989512357832779,0.008298755186721992,1.805392033583715,0.027101923665914775,0,0.8379752596700264,0.004062887152923501,-0.5396636193542941,0.2033195020746888,0.8860414685979162,0.33195020746887965,25.831906172182382,-0.29581412494633025,0.0025507228332353736,0.0016235023964289307,-0.000010923940377930829,0.002077149227261498,0.0011156161804515997,-0.00008888490182164949,0,9.791878577004846,0.9487232737006582,41,8,1.0240976835361808,0.015423065994193498,41,0.2738589211618257,0.027866822251212703,0.062393584200639014,0.000006364842537787547,0.06093868485238756,-8.220340691723797,-502.95650366909575,0.7748036915144106,6.371277382952077,36,0.33195020746887965,0,2.0354407326172654,-0.07397791793177395,0.1117255154003794,0.747500881040063,0.000018403882734395898,0.38964057514294337,0.002309443479885959,0.0084402587562913,2.1011772562779685,0.008086189166655022,0.0000763069697079515,0
4,"M. Hendrik Purwanto","Sreseh, Sampang",0.0000003913331547744552,0.009838094663706765,12,0.0000000010840253594860256,130.8084449465056,0.00009646034878418289,0.00002678207527475224,0.000023677161712573352,-0.000024006501121146627,0.000019072264109737464,0.0000000003637512582715798,1.2609600130603789,361.00000001682815,0.015193370165745856,0.000024514426674113578,180.5,29972.70790138262,1.0000000000000002,0.0027624309392265192,1.7161763708023159,0.000018156896345718704,0,0.8190570311064609,0.000016127956331486136,3.6851830326706025,0.17403314917127072,0.5752264218656662,0.42265193370165743,33.48706101891262,-2.570448058306892,0.000012812637018507895,0.000006553595652580518,0.000000023319542409118266,0.00000816628891861787,0.000004137747798447118,-0.0000004796212172366617,0.03591160220994475,19.816686855154376,0.9873922466447088,62,13,1.0224528264242385,0.00012046684990532951,63,0.27900552486187846,0.000032879033049864394,1.5348098479166918,-0.00000004772534356176431,0.11388955939616327,-1.3149424346384377,-2.411063797869688,0.6338289570551313,3.2062583628976267,50,0.42265193370165743,0,1.1841449465025284,-0.03550493928920116,0.14023988306724527,0.26096899162898257,0.0000000004425169812116828,0.002365848030581567,0.000001156097981633247,0.00002847855746417652,2.0873769747074973,0.000028454145873838964,0.0000000010264347566659795,10,0.000006922729051263093,0.034180198504217094,4,0.00000001917653476804181,171.95273129153028,0.0003174672867339029,0.000006971353997429425,0.00001936294458053973,-0.00039557645689812206,0.00013811213248130644,0.000000019074961138533944,1.071399406410595,361.00000216458375,0.015193370165745856,0.000017094624351077467,180.5,3334.6842067059342,1.0000000000000002,0.0027624309392265192,1.846440398075159,0.00006790197646269411,0,0.7985895215098788,0.00015381413828178294,0.5744314269872453,0.19889502762430938,0.22197326338025955,0.4419889502762431,47.32898846954289,-1.4382277040464715,0.00010538811210676348,0.00008396292995266259,-0.0000005019766801304154,0.00007572341681744936,0.0000632849348690429,0.000008029789070271865,0.13812154696132595,22.397461878535527,1.5112716291856865,83,15,1.0292582371547827,0.0007130437436320249,82,0.2928176795580111,0.00013828796373904496,-0.6907077520946509,0.0000001962662984659882,0.17376161461818115,0.031485870594261674,-9.72542389353264,0.7662719669555104,2.1920667059716887,59,0.4419889502762431,0.008287292817679558,0.6216333985548732,-0.019887080171658026,0.14272552155158155,0.2299299578428302,0.00000003633302009424593,0.030310617712911193,0.0000012736225379301975,0.00023043229019424454,2.1329847267204882,0.00023042820043339573,0.00000006040763479337425,110,0.3242770555237964,10.654942255875785,6,0.000898274392032677,169.8326873044249,0.04172937264446585,0.029515685764297646,0.02911009360104795,0.01655727730668856,0.004961578874052919,0.000024617264923448232,1.2024314600518566,361.0014885758901,0.015193370165745856,0.02941502816975115,180.5,76.57948751011985,0.9984546721760592,0.0027624309392265192,1.812044897771425,0.02788472020868834,0,0.8516533140018788,0.006261831856017086,0.034587133314933904,0.17955801104972377,0.902150692192793,0.356353591160221,70.29002659313143,0.028327941499399028,0.003898471623877939,0.0021067780886413166,0.000007226965145060939,0.0030903670426053777,0.0013911211821374773,0.00006154251851363951,0.0027624309392265192,2.626492444391183,1.4544841363555188,57,17,1.0205511945101227,0.02517209533777729,56,0.1850828729281768,0.02992980071868523,0.3079184756895005,-0.000013732083143313567,0.07050320293531569,-5.563309718633067,-1411.163830073206,0.6812994610327332,5.5137309235039105,54,0.356353591160221,0,1.8445109826526638,-0.04682243958740101,0.11667259746621284,0.42402431013880415,0.00003809393699121115,0.7605468899995154,0.0016958012590750093,0.00972268581633091,2.109666275882506,0.009555262584779005,0.00010447190655736673,0
6,"Okan Syailendra wahyudi","Manyar, Gresik",0.0000024319998528611603,0.0260152002050257,6,0.0000000066813182770911,196.79060293482,0.0002321393592696,0.0000714093714854254,0.00006239183130674064,0.000012592337980067789,0.00003954383592377632,0.0000000015637149595665422,1.1838594202327422,364.0000001092969,0.0150684931506849,0.00006984465107962023,182.5,9196.717127419324,0.9993562486743118,0.0027397260273972,1.8249357295823945,0.000045524391173504544,0,0.8440766519744421,0.0000441800561207352,1.85659308900632,0.1643835616438356,0.629560509642502,0.421917808219178,81.65964124871539,-2.0879195349003115,0.000030391401298374733,0.000016377125356219036,-0.000000001459269257323699,0.00002114545186571882,0.000010135298301383497,-0.0000000017771526472643016,0.0575342465753424,9.987215678491998,1.1664807894124445,58,15,1.0208747323118263,0.0002195470212895,58,0.2027397260273972,0.00008162728278896725,1.2701440846384964,0.000000045270369197080304,0.1189367177381654,-1.5385354976378518,-5.65852188138452,0.7011781712675884,3.242638159265512,54,0.421917808219178,0,1.1584238723826714,-0.034011998972635,0.1380817546367426,0.3660228151701372,0.0000000022649999228905173,0.0059612736296637,0.000003502373218529537,0.000059585666109231005,2.140971357480129,0.000059454963911914,0.0000000038352817422347905,0,0.00002306759337727455,0.0586622580934982,1,0.00000006337250927822679,208.34009500416943,0.0008089543514441,0.0001607185153246,0.00008456024071039853,0,0.0001933091948071,0.00000003736844479697513,0.7395476908881421,364.00000892915534,0.0150684931506849,0.0001573563204146,182.5,1264.7760386570174,0.7088800987954014,0.0054794520547945,1.9084979840863532,0.000040447717572209125,0,0.7905682390613711,0.0002833209146046,0.8183613833634737,0.1945205479452054,0.3695290807109643,0.4547945205479452,33.76913867333641,-1.261229684455487,0.0001584679417115,0.0001352148149739,0.0000000000000000000005957154793876398,0.00008456024071039853,0.00005621473246719997,0,0.1671232876712328,39.05277635252818,0.9648204955494308,46,16,1.0299859861819805,0.0008089543514441,73,0.3972602739726028,0.0002513938860933,1.2331202577298142,0.00000017823864799407985,0.1926811244775056,-0.5448131205298002,-13.237235272353692,0.8836194538508264,1.8531659601893853,60,0.4547945205479452,0,0.3665832486679617,-0.0147741832483851,0.1530326010045849,0.3843243736492189,0.00000006554153349155747,0.0492181926505059,0.000009183716782096905,0.0002503816015329,2.1651380806803764,0.000250179594815,0.00000006496804350372708,104,0.3063613033152954,10.485639256170105,2,0.0008416519321848,181.1019263562882,0.0364875681698322,0.0288164875986184,0.0289080577592054,0.0211124308407306,0.0029926708738066,0.000008956078958930879,1.0020994321959074,364.0011618296052,0.0150684931506849,0.0287195723503827,182.5,132.20178301086608,1.0000000000000002,0.0027397260273972,1.883962741501632,0.0295687563717364,0,0.8124983099949629,0.0041035506874322,-0.1773287533420928,0.1890410958904109,0.9012194189873696,0.3726027397260274,19.21323967127218,-0.0668330533343258,0.0023646215535405,0.0017767460971625,0.00002257610353958489,0.0019991633792719,0.0011622738093138,0.00006427421389269133,0,11.006157766192295,1.3329878495887282,72,18,1.0252995825509506,0.0153751373291016,71,0.2876712328767123,0.0289714693531457,0.0518016267706456,-0.0000014053939151459562,0.0770167641713234,-7.354191153464621,-1186.2263785686646,0.8324788391400435,4.535204457794475,62,0.3726027397260274,0,1.6276016072794484,-0.0449477211181602,0.1250788201037371,0.6638659479941964,0.000014774607438710854,0.6467355793671813,0.0016714923899166,0.0076021077198497,2.132205622234899,0.0073921179989172,0.00006145916360606643,0
9,"Muhammad Zaidan Nabil Rafi","Kamal, Bangkalan",0.000004409991812566448,0.048503270441016495,2,0.000000007590347353814884,325.271345384921,0.0001552870037173,0.0000834951375486721,0.0000971888639043584,-0.0000030223736634939154,0.00002461437640083427,0.000000000605867525601947,0.7220631110619754,581.0000001852637,0.009450171821305841,0.00007835690651170556,290.5,0,0.6380011909576067,0.001718213058419244,1.9538366293713967,0.00009987872163402212,0,0.8826143791531511,0.000032877125390677934,0.5018835076648505,0.13917525773195877,0.7696386372402606,0.4570446735395189,121.37916260720496,-2.057348973675767,0.000020211362275342453,0.00001398500516446774,0.000000021649747310446175,0.000010068739687275487,0.00000432493500699603,0,0.11855670103092783,40.409714970646405,0.037113925543350045,100,17,1.0207467815058417,0.0001583093773807939,100,0.42439862542955326,0.00008704771978560737,-0.2654817030596744,0.00000006655106099857924,0.15867006773344428,-2.2281417045033693,-9.713451017647284,0.7583124554624397,2.0225308739277703,87,0.4570446735395189,0,0.6096603359384519,-0.014910660782402758,0.1596045589332478,0.3524329791180073,0.0000000008079501773711099,0.008125288000555756,0.000003335644891553839,0.000029696937715747816,2.1761919151119584,0.000029461664499831114,0.0000000009021917538559486,2,0.00006393545729384311,0.1470354837688201,9,0.00000011004381634052171,276.25675852406516,0.0007978355279198876,0.0001396342034625623,0.00029556659790098755,-0.001466140997544765,0.00030059445577332745,0.0000000903570268416629,1.1371601325265497,581.0000106533562,0.009450171821305841,0.00012212072688460958,290.5,49707.95349440459,0.6814802494735578,0.001718213058419244,1.825843871941898,0.00023184139655372453,0,0.9412177446413884,0.0002822565759953584,7.628754066588289,0.13573883161512026,0.3681784286732746,0.4536082474226804,101.15476511815704,-1.1187333395269214,0.00021530087396776125,0.00009944340369575468,-0.0000008282248356840077,0.00010679046606520104,0.000029420841290942902,0,0.09965635738831614,7.5851576240718765,0.37987865128421205,62,17,1.0131155746254084,0.0022639765254646527,62,0.12199312714776633,0.0003314434154094589,-2.081636219341874,-0.0000004196984103538885,0.15325094528026184,-0.2823085890481996,-83.2728285265915,0.7052687622968081,2.275054236165293,97,0.4536082474226804,0,0.7730655084907201,-0.015795394786166986,0.15055139109135215,0.08784054404293662,0.00000011793073300409332,0.05777661754723347,0.0000085754931589124,0.00046286362030665325,2.105326386009261,0.0004627775457528762,0.0000002552164775657558,87,0.43661317610732575,15.699891075006269,6,0.0007514856731623507,318.04944157881806,0.04692906177265951,0.027026636289485106,0.025276455571492842,0.0201324615627406,0.004444703763063948,0.00001975539154139482,0.9980845340838947,581.0019394433739,0.009450171821305841,0.02710559990042122,290.5,56.52123574096921,0.6814802494735578,0.001718213058419244,1.8808823957153007,0.024151951594228435,0,0.9059368451894928,0.006054767873134546,2.21840302690587,0.13917525773195877,0.9298247909089027,0.3694158075601375,108.28325302667812,0.10806167767830278,0.003591010572342058,0.001492867942399316,0.000020456751139281747,0.0016078963033901404,0.0005538979022923253,0,0.012027491408934707,3.090638184588631,0.40388809712445295,66,14,1.0138287651311852,0.026796600209918905,65,0.2302405498281787,0.027389677994921886,1.38752092513832,0.000013167865102823063,0.0818872494477093,-4.773506109429095,-3535.9170514679554,0.6995363507724454,4.807213046325495,101,0.3694158075601375,0,1.637739378405617,-0.027446338067632862,0.12248683180910701,0.43530134439794266,0.000022857513725316452,0.8673562745340027,0.00100150925877507,0.00779112459964238,2.134624396045938,0.007717075487220077,0.00006632585751109468,0
10,"Triswanti Jannatul Ma'wa","Kedungpring Lamongan",0.0000003953900564873112,0.010988739656091383,7,0.0000000010832604287323595,189.51231388036803,0.00006118965174105121,0.00002995736739398825,0.00002984428965646657,-0.000004622910493243779,0.000013522456862812062,0.00000000018285683960661305,1.0534480883469892,365.00000001376793,0.015027322404371584,0.000030450860341451308,182.5,27313.989050671662,1.0000000000000002,0.00273224043715847,1.8430671456669214,0.00003157399873561846,0,0.8257947479436081,0.000017548261113523956,-0.12173044103326891,0.18579234972677597,0.6664725268066105,0.40710382513661203,71.71957256728422,-2.4895129695884224,0.000010667706925009907,0.00000623478491550049,-0.00000006455413648180927,0.000008586670694355308,0.000004193243017058048,0.0000000447586085598826,0.05737704918032787,11.61451944105921,1.2780717017446908,59,16,1.0209810373074868,0.00006581256223429498,59,0.21584699453551912,0.000032867928148652806,-0.08607284571687294,0.00000001503536644401525,0.11396975351563787,-1.900338538365122,-2.145132318306142,0.7107356837935989,3.268421311010076,64,0.40710382513661203,0,1.1276101369081868,-0.035102517189149154,0.13225335474102065,0.4233660915676981,0.00000000027445690287742163,0.002275696494157679,0.0000015712402280666678,0.000021240176771266343,2.1416839414299216,0.000021170189656038062,0.0000000004945346677931384,4,0.000013737142451947932,0.049761759126586425,2,0.00000003763600671766557,196.4852211987643,0.0005416620551841,0.00006661318564657099,0.00004483609882299788,-0.0003685372357722,0.00018192267477209613,0.00000003309585959623386,0.9251997818342257,365.000005252052,0.015027322404371584,0.00006476080606401397,182.5,1862.128411448061,0.9993583051330966,0.00546448087431694,1.9195008845488413,-0.000049967483937494994,0,0.7550284003569331,0.00024076430131333892,-0.29123744825692865,0.1912568306010929,0.17850472452250563,0.4426229508196721,27.31238677265132,-1.2194894752826024,0.00014716543994201887,0.00012335447015183806,0.0000006017587821425677,0.00011743337613430086,0.00008278034431890001,-0.00000441546295815207,0.1448087431693989,18.503157779237274,1.2416034719079905,65,15,1.0233639230973226,0.0009101992909563,66,0.31147540983606553,0.0001937348086901742,0.2562828387326312,0.00000013983708140978362,0.175932759932017,-0.2269284174228725,-14.728972025499555,0.8520145415600942,2.2455451903038064,56,0.4426229508196721,0.00273224043715847,0.6116272854510434,-0.019113003429998898,0.1391482330985996,0.20603819010540003,0.00000006271335211181406,0.045024381605420896,0.0000017408577345496508,0.0002713988616957734,2.1761088675245563,0.00027139295236927846,0.00000007625617548418447,98,0.32964544205346424,10.836745647670908,4,0.0009031381974067514,183.342698443572,0.0402699861673381,0.02968917087806182,0.02932045888155695,0.0184853514821553,0.004384488485182809,0.00001922373927670064,0.9811978804454264,365.0017910621459,0.015027322404371584,0.02987384312003085,182.5,81.34503892621669,1.0000000000000002,0.00273224043715847,1.8698658250981712,0.02828843709048756,0,0.771261521172816,0.005587197561816828,-0.038920780995971516,0.18579234972677597,0.9003491995805907,0.3879781420765027,24.011756811292123,0.07205451983368427,0.003389307256592748,0.0022795153271345913,-0.0000020458477435646788,0.0026874584145844,0.0016363264067704025,0.0000007146384505968273,0.00273224043715847,4.36913463434277,1.0876186279558655,70,16,1.0247162362808873,0.021784634685182803,70,0.24863387978142076,0.03001117469715996,0.18260070669029713,0.0000013552487010766418,0.08146209412429695,-5.69178206590485,-1353.6001068785472,0.7631751725208806,4.65488099828226,52,0.3879781420765027,0,1.6458281171545233,-0.043491097685434084,0.12706616196924858,0.6083268926244493,0.00003206821408757888,0.8320230944041258,0.0017804321570796557,0.00949709878739322,2.1464792584585632,0.009297609701383679,0.00009510372357365537,0
11,"Ahmad Syahrul Farihin","Gresik Kota, Gresik",0.0000017855302409300639,0.023521281846559286,3,0.000000004891863673780997,173.3307679083775,0.00016270032615757967,0.0000643689449732988,0.00006292463470779737,0.00000556491948276115,0.000027113407182846982,0.0000000007351368490628584,1.1051836526245444,365.0000000762287,0.015027322404371584,0.00006221637112891494,182.5,13970.928524087836,1.0000000000000002,0.00546448087431694,1.8611180691288862,0.00007627585248642948,0,0.833549848230054,0.00003648087455533377,0.1132334869442091,0.17759562841530055,0.655628423722377,0.4344262295081967,36.59922727009176,-2.124547282128795,0.00002180106083560891,0.000014139135553988093,0.00000007353735607665972,0.00001835391231143027,0.000009164048739731959,0.00000006852579756552128,0.06557377049180328,11.938683197928476,1.0752368864642137,64,13,1.0226852345613489,0.00015713540667481853,64,0.27322404371584696,0.00006984624489575962,0.489608609098774,-0.00000003202662554657331,0.1247098779993018,-1.8918283854631481,-4.32541534459175,0.7915660024967995,3.039421477727699,61,0.4344262295081967,0,1.112052850066372,-0.03233103500746571,0.1429475351901568,0.6767785044966517,0.0000000014004242605530083,0.005160784477205654,0.0000029845966401083934,0.00004601154775405044,2.1464257961588395,0.00004588486175023673,0.0000000022563306342995706,0,0.0000642525982008382,0.10532590230669434,3,0.0000001760345156187348,171.6819697878883,0.0012831689212675133,0.00018289297586050746,0.0001442262946511,-0.0012012734671546766,0.0003769664525892371,0.00000014210370637771352,0.913260486374631,365.00001757210237,0.015027322404371584,0.0002058896637782347,182.5,921.0873712622856,1.0000000000000002,0.00546448087431694,1.8910177780384128,0.000165169846477528,0,0.7763876460022319,0.00047322074408186394,0.9018808497762287,0.19398907103825136,0.27037635442221103,0.45081967213114754,23.03096534791099,-0.9511964815411796,0.0002907664518606844,0.00023024713961688413,-0.0000007706171034017955,0.00022482901439371185,0.00015981938713548812,0.000008283048503934364,0.11748633879781421,19.253276503030424,1.2007424318276771,76,13,1.0265647814982015,0.00248444238842219,75,0.23224043715846993,0.0004189911061070696,0.08309938299444253,-0.000000013915311011763892,0.1653736967421511,-0.3174854021992048,-34.37934627149613,0.8283636019136281,2.3461272862010527,59,0.45081967213114754,0,0.7373687507278418,-0.021837762861837393,0.14355983678002984,0.2403408267783378,0.00000025109800329587557,0.0840402059601627,0.000008811384497801232,0.0005976862442525307,2.161237149883381,0.0005975957446920878,0.00000037508942074729267,101,0.31199317326076653,10.567486720353944,3,0.000854775817152785,181.24073678618717,0.04077647104131928,0.028955962344048902,0.028725944712124637,0.014815234718866956,0.00374066956980662,0.000013992608830477245,0.9514479913714041,365.0015794437877,0.015027322404371584,0.0288844993810378,182.5,112.69557740878,1.0000000000000002,0.00273224043715847,1.8759685227418008,0.029093914696215736,0,0.7458520151850285,0.004427118953582512,1.0752156759631788,0.1885245901639344,0.89118962444398,0.3879781420765027,26.02270577982441,0.020551671398018997,0.002866313253572074,0.0020733416142090524,0.000015593733485430943,0.0022092214396003257,0.001350752689903572,-0.00011887353385904229,0,11.849322428716833,1.3424034866763723,64,17,1.0226852345613489,0.025961236322452327,64,0.18579234972677594,0.029196581376943004,0.16041871611422942,-0.0000018580081616495026,0.08179128681087537,-6.056595558519487,-1279.3795457473614,0.8171098186133381,4.600352359333133,53,0.3879781420765027,0,1.6190001446500428,-0.04340614972541925,0.1269077472896185,0.695984398248631,0.000024105683262768853,0.756769689186304,0.0017046613950281956,0.008420136802323529,2.1455915887332924,0.008218334841007889,0.00007463062238414358,0
12,"Rian Renaldy","Waru, Pamekasan",0.00000013266853765827747,0.006069790210535728,4,0.0000000003634754456391164,160.17472375312624,0.000041797467347761734,0.000015170688468901818,0.00001567772176883575,-0.00003697284547148861,0.000011503588775167355,0.00000000013233255470815636,1.3099283462030278,365.00000000806597,0.015027322404371584,0.000015334469062623418,182.5,44001.7063665803,1.0000000000000002,0.00273224043715847,1.815308309831289,0.000014227857861024114,0,0.8075017548774023,0.000011999185143899775,2.424443994594328,0.18579234972677597,0.5466228616015074,0.3879781420765027,35.3299282461505,-2.586085218572986,0.000008384199472822853,0.000004946574827653587,0.000000007223932856064456,0.000006010411457095724,0.0000035880995652387494,-0.00000028165644228768834,0.06557377049180328,0.007773795606203689,1.2080625403156835,61,15,1.0216640049759071,0.00007877031281925034,61,0.1885245901639344,0.00001903896907210648,-0.6984088427334377,-0.000000017681322593692362,0.11234939508393343,-1.1064296476698208,-1.6443497985089217,0.7410493487372024,3.6961803101187387,59,0.3879781420765027,0,1.2553167354153942,-0.035520649635215305,0.12516277279395838,0.3581131576093459,0.000000000237712834193836,0.0018054998120935592,0.0000006737821669588279,0.000019093422342123837,2.143290235142557,0.000019078863393030935,0.00000000039556395087855116,18,0.00001528937822712936,0.046705223751110136,5,0.00000004188870747158729,131.4649695231173,0.0003481072461553027,-0.0000350796919279045,-0.0000006419843145977211,-0.0008226077891750926,0.00020135459434891578,0.00000004054367266541643,1.1863201069955729,365.00000182424554,0.015027322404371584,-0.000009883930442677197,182.5,2994.8070255594907,1.0000000000000002,0.00819672131147541,1.8185341586376407,0.000055428487322703945,0,0.8345723521215607,0.00018614179219483666,3.0272892838516094,0.17759562841530055,0.3240315672194453,0.412568306010929,42.476875112076435,-1.3699359002704328,0.0001411782793556552,0.00007649800731576424,0.0000001875959846008255,0.00009360175625111785,0.00006287694495558088,0.0000029898638618984813,0.07923497267759563,-2.0007426616521387,1.2296438892939103,68,16,1.0238718287035204,0.0011707150353303954,67,0.16666666666666666,0.00020438751784581445,-1.439328776853637,0.00000032466728813529786,0.1237478038052636,-0.07011296731595693,-20.956527099765903,0.694038404802019,3.6138230950588253,53,0.412568306010929,0.00273224043715847,1.2566011486761104,-0.03257929763145021,0.12682904613790807,0.13383587307279599,0.00000006744529470439981,0.027921772670253947,0.00000036372171539641386,0.00035325555278760553,2.1348386481717294,0.00035325533506980406,0.0000001409953849518115,101,0.27490673564060486,9.926490298259436,2,0.0007531691387413832,178.71321069199047,0.03807771283134604,0.027198804987145088,0.0272391885519027,0.018821612850305675,0.0033669432480732072,0.000011336306835745759,0.9460477963220542,365.0015579492764,0.015027322404371584,0.02710603012272761,182.5,127.1433049861589,1.0000000000000002,0.00273224043715847,1.9092581871622196,0.02748685784177384,0,0.7311574180964892,0.004215733945519089,0.08000735504193113,0.19672131147540983,0.8941480905458864,0.38524590163934425,22.07549067653928,0.022145866709817955,0.0026526512407995966,0.0021059450018472425,-0.000001604650935081672,0.0021116311351458503,0.001432983259640419,0.00007519908417971677,0,12.881690048998154,1.238780945014827,69,15,1.0243787874691415,0.019256099981040366,69,0.3087431693989071,0.02740640982625222,0.15064494304582907,-0.000004382773740628033,0.08297730620363063,-6.314083560569995,-1170.1683301074308,0.8189803968143076,4.373014957489186,60,0.38524590163934425,0,1.5619181725531466,-0.043100098187641274,0.12750148322310256,0.6630755979564861,0.000021005641594211834,0.7686699256742435,0.001575139387122068,0.00768165326577309,2.1526570577446353,0.0074925237879575855,0.00006176247325704672,0
13,"Ahmad Dafi Zidni Alfarisi","Paciran, Lamongan",0.0000003299168882777046,0.010448019778637683,3,0.0000000009038818856923413,200.71939045438344,0.000052135310094551336,0.000028613994857230686,0.00002810724846616116,0.00000878091395861702,0.000009091290412488958,0.00000000008265156136421366,0.8425748165205084,365.0000000117232,0.015027322404371584,0.000028578045657923212,182.5,39712.9458934257,0.9993583051330969,0.00273224043715847,1.9313866962409096,0.000023954952606194032,0,0.7591297325178078,0.00001193518852852983,-0.25958595096095793,0.1830601092896175,0.7044694892076478,0.4344262295081967,37.80992341624327,-2.565321563257985,0.000007341158785497643,0.000005502115904850514,-0.00000004365075010895093,0.000005954464256016461,0.0000035007137436574896,0,0.06830601092896176,22.57506106711254,1.399266349045769,72,18,1.025726084160307,0.000043354396135934316,73,0.3251366120218579,0.000030023528491065764,0.25499023400758264,0.00000002340230852615533,0.13204474701042185,-2.391653399521448,-1.5273885760573043,0.785395211554116,2.610216709958237,58,0.4344262295081967,0,0.9271905674734231,-0.030438276799660845,0.14876269210030568,0.3973000312935644,0.00000000011583222790249633,0.0020082723052704376,0.000001956840675857999,0.000014756216702395232,2.1594320183101816,0.000014595922738250416,0.00000000022844530100517646,0,0.000006685298504213595,0.0332921725777377,2,0.00000001831588631291396,176.4650520270597,0.0003583118595997,0.00003012592813629117,0.00002741158383893586,-0.0002958626959281,0.0001317507926413137,0.000000017358271361614438,0.81569159132555,365.00000365769574,0.015027322404371584,0.000026234610681754683,182.5,3011.6069357202564,0.9993583051330966,0.00273224043715847,1.9541401656029236,-0.0000014841459405900178,0,0.7233579859985434,0.0001623341622042199,-0.17686765431975848,0.20491803278688525,0.11841126631104741,0.45901639344262296,12.073259322561139,-1.3234428991163338,0.0001035518233813841,0.00010944781553660659,0.000000710183343322173,0.00008133735802098296,0.00008878144293092217,0.000007107054746787376,0.1830601092896175,30.831112376227082,1.241251731963701,83,18,1.0292315011315836,0.0006541745555278,83,0.4153005464480874,0.00013515118537285354,0.05373046590223868,0.00000018381468393674464,0.20046943991185318,-0.1153729607259204,-7.478488639842974,0.885469649935053,1.9478999417496967,57,0.45901639344262296,0.00819672131147541,0.402744419456374,-0.01278132901922097,0.14514221327290155,0.20595214771961956,0.00000003255679469041662,0.039948452670861404,0.0000029752833126254514,0.0001834804936036951,2.1822135781163134,0.00018344790638329111,0.00000003459065296959521,127,0.3242475925336672,10.79849177655149,5,0.0008883495685853896,185.78688307106404,0.0383267900324426,0.029583366922211602,0.0293240182412167,0.0211945009767076,0.0032782290215243514,0.000010746785517564506,0.9756851721559533,365.00121949606245,0.015027322404371584,0.029582478514768952,182.5,99.6778064471113,0.9956333817835767,0.00273224043715847,1.8467762415395443,0.028904031051788348,0,0.7707696006965989,0.004504533174137251,-0.11447895429125898,0.18032786885245902,0.9085098587926398,0.412568306010929,31.814459797149443,-0.09560088514014765,0.002629192275805047,0.001849103279279565,0.000012678713388910953,0.0021701177271703995,0.001219974520305804,0,0,16.070652364958885,1.298835456702367,71,14,1.025894029566716,0.017132289055735,73,0.3907103825136612,0.029764448322987077,0.056077362469083694,0.000004623044265868341,0.07707144616591359,-7.300943374921923,-1231.7293309417155,0.7777672754567873,5.023700799603125,56,0.412568306010929,0,1.7697234970977396,-0.044624101553425825,0.1317193201134218,0.6083374709298369,0.000016018705374333516,0.6749226969370412,0.0018131331473459817,0.00799680523405258,2.115873441780022,0.007768593368708665,0.00007040034923952516,0
14,"AHMAD MAULANA ISHAQ","Kertosono, Nganjuk",0.00000034785684199127024,0.010814451110164484,3,0.0000000009530324438116992,170.54160139981573,0.00005627620657833177,0.000029616253737714226,0.000029157408589526314,0.000008897073166735936,0.000008561894917255255,0.00000000007330604457412137,0.9519790925450758,365.00000001044555,0.015027322404371584,0.00002987532568946942,182.5,38659.103547781546,0.9993583051330969,0.00546448087431694,1.891324647880454,0.000025479769860794476,0,0.833773355160119,0.000012227452780659096,-0.14210338191617966,0.1830601092896175,0.7503018679317912,0.4426229508196721,25.951781738276804,-2.600423589106985,0.000006915472142582265,0.000005521149760576769,-0.000000040937917244625473,0.000006004359190114882,0.000003955823255334206,-0.00000028576135134374033,0.060109289617486336,21.695188133102793,1.0037212620618727,71,17,1.025053267749791,0.00004737913341159583,70,0.40437158469945356,0.00003082902090613312,0.3017019276360327,-0.000000015518879026345345,0.12664790735444417,-2.609257699265156,-1.563790748337233,0.8172253175249986,2.6849030303905947,66,0.4426229508196721,0,0.9933920462940303,-0.03183092778491665,0.14887000788906354,0.6305670433801537,0.00000000012919160709229624,0.0020152196626105207,0.000001412660816284622,0.000013501979353951578,2.1545483508451335,0.000013405631344766656,0.00000000019101479031098357,0,0.000009899780285185936,0.037696508327457495,1,0.00000002712268571283818,175.4652467137964,0.0005145684717717,0.00008399143012728193,0.00005988395417131999,-0.0002652334114827,0.00014140021103005166,0.000000019994019679343144,0.7385726512462706,365.0000056151987,0.015027322404371584,0.00008438813154041253,182.5,2550.970224078247,0.9993583051330966,0.00819672131147541,1.9573870220904677,0.000007697247656340047,0,0.7377088187134528,0.00016529503331727972,0.6392959195269783,0.20218579234972678,0.22989625933104185,0.4672131147540984,19.119857176892843,-1.3043498699196303,0.0001091133017001941,0.00012065897699527625,-0.0000013162521261692895,0.00007948867848499999,0.0000721126728941169,-0.000004779688765662481,0.20491803278688525,39.2353604919709,1.4303518578022214,85,15,1.0298941615982293,0.0007798018832544001,85,0.4289617486338798,0.00016446452509331374,0.7705267221785461,-0.00000004376753550694151,0.21385735968884662,-0.38013398214455996,-6.322349043340829,0.9059754099570109,1.7656982260899854,62,0.4672131147540984,0,0.20415671452221185,-0.009326584973359912,0.15228079574653677,0.3927860076720284,0.0000000362494047657753,0.04404052660327583,0.000004730385140115979,0.0001849446855950711,2.17617028236056,0.0001848786736392869,0.00000003522114723512052,108,0.3360731910186898,10.977825811861198,2,0.0009207484685443556,187.0643313926878,0.0414377362467348,0.030079510506092696,0.02966024783589606,0.0195518764667212,0.003668216195919495,0.00001345581006000609,0.7506194135987463,365.00200316812135,0.015027322404371584,0.0301469219848513,182.5,92.00690997506182,0.9984744065485794,0.00273224043715847,1.916075530532833,0.02940051336772732,0,0.7131994536096845,0.004767468528977251,0.09646925835979925,0.1830601092896175,0.883534868827935,0.4016393442622951,37.63707407107954,0.011531171225435803,0.002895604716969425,0.002374751972707704,0.000019701425470922176,0.002357637373885774,0.0016904908698053,-0.0001535021699965028,0,16.88078786176253,1.2026455594294247,79,21,1.0279013777389105,0.021885859780013603,79,0.39617486338797814,0.03030235572271811,0.33632755553900123,0.000005985826128802501,0.08536996200095327,-6.6062763078115125,-1247.1908044665051,0.7658302815326086,4.096493746523212,59,0.4016393442622951,0,1.506089336853413,-0.04248267490551196,0.1333398214923784,0.48169126950965513,0.00001836318665607171,0.8667844700383119,0.0018458148191245517,0.007962466267805064,2.1427917578973457,0.00771905550355837,0.00006776299659418376,0
15,"Rahardian Ananta","Jabon, Sidoarjo",0.0000003684857052090955,0.011529314482889193,51,0.0000000010095498772851932,184.00205657297514,0.00003516157595655019,0.00003156838342564506,0.0000323291081658284,0.00002218916825300868,0.000003198235791589526,0.000000000010228712178604283,2.0853521546027367,365.0000000000009,0.015027322404371584,0.000031652483569230524,182.5,119537.9557164338,1.0000000000000002,0.00273224043715847,1.0309590715307346,0.00003451295557137311,0,0.9956018669241138,0.000005104432505802125,-0.09558349027964441,0.10109289617486339,1.05462864893384,0.06284153005464481,165.16187508463105,-4.66522474170623,0.0000026778221864935303,0.00000005724780854602629,0.000000013833877500776508,0.0000023606179139470413,0.00000004881281917479063,-0.000000013405407037958485,0,-0.8328247204495188,0.2833033417771173,0,1,1.0001850871479696,0.000012972407703541511,1,0.00546448087431694,0.000031729978636726914,-0.8201169406383004,0.0000000030274728149195926,0.012651517718576309,-27.59209235701124,-1.2180838498395987,0.12419340114375707,38.61735665874115,0,0.06284153005464481,0,5.7783281898689305,-0.06124762245475988,0.05672957149967105,0.04699183909481164,0.000000000002175588947993321,0.000020895450119299596,0.000001489251925391233,0.000005159727237879027,1.924511012726211,0.000004928371736695275,0.00000000003022770286394699,0,0.00000724738562307265,0.04869475964540869,85,0.00000001985585102211685,231.89314450819063,0.00019240589180374284,0.0001333033718363322,0.00013875951097857636,0.00006808540181008553,0.000045075615582092595,0.0000000020318111201045886,1.991805919144399,365.00000000009476,0.015027322404371584,0.00012992345920388864,182.5,6402.137421848069,1.0000000000000002,0.00273224043715847,1.030933901290304,0.00007430142630976839,0,0.9934071056751129,0.00009347740027467027,-1.5082222289109306,0.10382513661202186,1.0832166113160062,0.06830601092896176,189.6277845800384,-3.6428397504563246,0.00004058000737847778,0.0000006040048518575074,0.00000007720331249129989,0.00004387687582069277,0.0000005935660250466703,0.00000029674977943378283,0,-0.5112452741879375,0.3051318643561432,1,1,1.000370040760988,0.00012432048999365733,1,0.00546448087431694,0.000140718158256282,-0.15225625947658306,0.00000034892945139952374,0.013671181584347157,-12.420889654047656,-6.12944980452932,0.05015789038556753,37.083685165826964,0,0.06830601092896176,0,5.65495599943866,-0.0609844988532049,0.05771208203215133,0.0034345726286514333,0.00000000013977335802343347,0.0002204617709279902,0.00000581645478019714,0.000019535941381497804,1.9014671955452997,0.00001860094338791451,0.00000000043039383168557825,0,0.3154482637827231,10.707546514729476,45,0.0008642418185828031,185.01526633130072,0.03286879615834124,0.029340864403248377,0.029182695270652072,0.028308510433182582,0.0009970848553558398,0.0000009941782087799762,1.9742499571613752,365.0000001057768,0.015027322404371584,0.029065527133846296,182.5,538.8696542510304,1.0000000000000002,0.00273224043715847,1.0402764202604433,0.028536524719440515,0,0.994313048542618,0.0010851044738040307,2.2034539393890658,0.10109289617486339,0.9618543944700204,0.030054644808743168,128.77509772209615,-2.2007302475692105,0.0007289307109611771,0.00001653302842310038,0.00000909007835018747,0.0004836601896373773,0.000009867665154979915,0.00000009844413981219269,0,-0.7318896557215959,0.28285691054894857,1,1,1.000370040760988,0.0045602857251586595,1,0.00546448087431694,0.029357801384616453,1.5197007453346842,0.000003129229507474108,0.009572650376395705,-52.40180384413879,-1054.779531021543,0.28763828137540226,50.756259649650154,0,0.030054644808743168,0,6.659696786864246,-0.06204212218254233,0.04999060229459594,0.17452584654304604,0.00000012316340495430711,0.006034555374431639,0.0018034370474624719,0.006714065796463969,1.9268524796626325,0.006456517787666604,0.00005236578121848451,0
16,"Verdi Setyawan Ardiansyah Putra","Menganti, Gresik",0.0000009892897512689404,0.017352209538254434,3,0.0000000027103828801888775,181.60398737307895,0.0001034645186986,0.00004751833470387923,0.00004467711106761791,0.000002583258423802923,0.000021094675381563706,0.00000000044498532945354987,0.9333996430645961,365.00000003761056,0.015027322404371584,0.00004803013958775369,182.5,13318.219075978523,1.0000000000000002,0.00273224043715847,1.8885225675482147,0.000027803573492502197,0,0.8324269282308179,0.00003295751292860699,-0.6134497011648921,0.1830601092896175,0.6503358169566822,0.3907103825136612,57.210517152679714,-2.2381618436931197,0.000017596446262846584,0.000010443889668477148,0.00000005937909001815758,0.000015860949560167604,0.000007720308436936535,0.0000004402744073873048,0.06830601092896176,5.4990157062737195,0.9612402368909627,61,15,1.0216640049759071,0.00010088126027479709,61,0.2349726775956284,0.0000519901669787994,0.3833063256679662,0.0000000018978950195183517,0.11246335994010288,-1.8494237379689937,-3.5229597909878345,0.7599623756180512,3.554634972654752,65,0.3907103825136612,0,1.191821661461604,-0.03549124107773609,0.12714967439699867,0.4194460616761517,0.0000000007088647182231243,0.003812019728994159,0.0000030304475044605193,0.00003423603575222552,2.1527665668152967,0.000034059116093239934,0.0000000012313542469937258,0,0.000016724150420764245,0.05042397137125966,4,0.00000004581959019387464,141.6961551321913,0.0008246215490537816,0.00008988886787000347,0.00006459809684733952,-0.00038765857136386945,0.0001939442999672379,0.00000003761439148978196,0.9829533964800157,365.0000048363582,0.015027322404371584,0.00008576509000179724,182.5,2190.4489741041775,1.0000000000000002,0.00546448087431694,1.8457957259252324,0.00003663947078230844,0,0.7597243569583502,0.00021728638022631562,2.0478994937980275,0.20218579234972678,0.30271602656151414,0.4426229508196721,21.380130599512707,-1.3004289300062633,0.00014337946466784295,0.0001205000019788207,0.0000005442770710901368,0.00010287981951685127,0.00009181117857224311,-0.000003658342773094025,0.13934426229508196,29.65285070250827,1.2569382609303852,83,14,1.0288995725299748,0.0012122801204176512,82,0.34153005464480873,0.00021376248514819646,0.9454034126736004,-0.00000016254261721402332,0.16833160293886357,-0.3034135640052077,-16.540504695961943,0.7897088178657288,2.1818940108972775,53,0.4426229508196721,0,0.6110438888762016,-0.021074477079466,0.1448348229774447,0.23632717449184737,0.00000007065543196709256,0.04398250072226956,0.000006695682798645401,0.0002975433668542008,2.1492210819939728,0.00029746026103770983,0.00000009952875470802244,108,0.3174879253602809,10.677991302140768,2,0.0008698299324939203,183.20786918141118,0.03892178281761372,0.02925614776571691,0.02908102401174216,0.0207940568445158,0.0033957570421700102,0.000011531165889447217,1.1051498536931523,365.001472390963,0.015027322404371584,0.029134759628288737,182.5,113.89273267922816,1.0000000000000002,0.00273224043715847,1.91928666272412,0.028951533532409864,0,0.7237723831602558,0.004505254682887056,-0.136650983486172,0.19398907103825136,0.9050521354621971,0.39617486338797814,27.533782916735138,0.025913667351832724,0.0027057184316807534,0.0021415240815383916,0.000018990284090361908,0.0022746325204414993,0.001640285711203296,-0.00008048036870926534,0,11.829353749394054,1.4130013747325059,77,17,1.0270667689824924,0.018127725973097922,77,0.3087431693989071,0.029452560974878052,0.32510769133161554,0.0000010853307088126917,0.08129805912600627,-6.767537472899443,-1230.8085389830972,0.8112658665876653,4.598900597112929,58,0.39617486338797814,0,1.6341975386628917,-0.043533426810727416,0.12908889976540072,0.6656406888863317,0.000020302629204873367,0.7816562897615129,0.00171583784609847,0.007998782891634193,2.154537320875788,0.007781474217518859,0.00006674593519380727,0
19,"Muhammad Isa","Bandung - Jogoroto, Jombang",0.00000047544691725733366,0.011864689379230001,7,0.0000000013061728496080594,197.15323704739998,0.000073074254,0.00003240418021389041,0.00003420035,-0.000006018261,0.000015892243344519424,0.0000000002525633985214219,1.037404233298758,364.00000001628575,0.01506849315068493,0.0000326478895,182.5,28594.696484453638,1.0000000000000002,0.0027397260273972603,1.8116793960286226,0.00003748262225,0,0.8422556824150694,0.000020845826,-0.10453225768893182,0.17534246575342466,0.6487923862289607,0.39452054794520547,88.79061345751451,-2.4728752295687784,0.000012617496565599549,0.00000634903089467033,0.00000002298212912087912,0.000010416947,0.000003607222000000002,-0.00000022547199999999648,0.052054794520547946,6.503909708011317,1.1299353483442265,44,15,1.0156773505188164,0.000079092515,43,0.16712328767123288,0.00003609147120658437,-0.24383431489201407,0.000000023451825969223615,0.10722473949158547,-1.7627253200755455,-2.5323010370538634,0.7145708079130392,3.7513650104920653,60,0.39452054794520547,0,1.2752267214301638,-0.03706732057920146,0.12833719751592013,0.38155074513964427,0.0000000003990357478926181,0.0023110472456600003,0.000002070284976931637,0.000025200533832879468,2.1269240485664134,0.000025102041874180845,0.0000000006960956535600221,4,0.000027448996149270353,0.07060717586344001,3,0.00000007540933008041306,174.45248525193725,0.0006903392,0.00006673743346564384,0.000053300824,-0.0005772227,0.0002659865488149766,0.00000007074884415050192,1.0228788489248184,364.00000811857103,0.01506849315068493,0.00006998904,182.5,1563.2546318625073,0.9993562486743118,0.0027397260273972603,1.854532383362322,-0.0000068198450000000695,0,0.7694187903457435,0.00030797284,0.15000753535834344,0.18904109589041096,0.24071034419267476,0.44931506849315067,27.507813349917633,-1.1716109952849232,0.000201157903345273,0.00014357405286736266,-0.0000009216604120879142,0.000155374396,0.00008873553800000002,-0.0000012565270800000006,0.12602739726027398,18.11062011737752,1.056733067163142,67,15,1.023776042994257,0.0012675618999999998,66,0.34794520547945207,0.00027423116011147085,0.07257328722264568,0.00000030373626195303984,0.1655114998054135,-0.12245949059442074,-22.99758022823786,0.8176077349622268,2.3399315681646136,59,0.44931506849315067,0.0027397260273972603,0.707984841607581,-0.021861964625300195,0.1416564452892373,0.15157404114632356,0.00000011725969949905916,0.05226095524372001,0.000004976307858694254,0.0004257763021849482,2.156166442506757,0.00042573757934529107,0.00000019538348459564165,82,0.32330812226522654,10.719592316499998,3,0.0008882091271022707,189.97438608810347,0.040631242,0.029454509972602745,0.02944053,0.018558145,0.004267027034461179,0.00001820751971282257,0.943511811976054,364.00170989229184,0.01506849315068493,0.029506267000000003,182.5,90.42709803527237,1.0000000000000002,0.0027397260273972603,1.9117448875966558,0.030698348349999998,0,0.7904538165464434,0.005589788999999998,-0.05280524421991695,0.18082191780821918,0.8849631178533124,0.3698630136986301,37.6450184324701,0.0732985870886391,0.00342518672321261,0.002265481568681319,0.00001067342582417583,0.0028298629999999984,0.0016497635,-0.00009377499999999907,0,11.415728274611121,1.3857672083935078,68,15,1.0242848364525325,0.022073096999999996,69,0.25753424657534246,0.029761983761822344,0.09456029776244505,0.000010475665591661927,0.07864291991625556,-5.771968600755522,-1340.5420471895363,0.748403518727441,4.804629129923699,63,0.3698630136986301,0,1.6436659292744429,-0.04452350339178386,0.12183862909634686,0.464182611301426,0.000025828239251421447,0.8246352910000001,0.0018383734619216992,0.009138324419004898,2.134033943929294,0.00892754906716822,0.00008952253304311217,0
20,"A.Choiril Anwar El-Asfihani Risydan","Banyu Ajuh, Perumnas, Kamal",0.0000008525882681,0.01583858,5,0.000000002335858268767123,164.76357674513966,0.0000826,0.000043221721311475405,0.00004125,-0.0000107,0.00002147926789308423,0.00000000046135894922287914,1.0857578678208355,365.0000000283032,0.015027322404371584,0.000043950000000000004,182.5,14204.54545454546,0.9086660199728371,0.00273224043715847,1.8309451503781755,0.000040615,0,0.8494377316509583,0.000031549999999999994,-0.7309266249335202,0.16393442622950818,0.6555292036100336,0.39617486338797814,53.9117211499174,-2.3109004793930876,0.000017837745229776942,0.000008963287671232877,-0.000000029041095890410903,0.00001595,0.000006799999999999999,0,0.05737704918032787,2.9737359927169753,1.1694700863552618,60,14,1.022004842982733,0.0000933,57,0.1912568306010929,0.00004826464692038808,0.1819937093709633,-0.00000003333784712385059,0.10938738887363794,-1.7621871699122198,-3.3693424878680847,0.6882098661390702,3.557558809138649,56,0.39617486338797814,0,1.259608751257713,-0.036284993423441964,0.1302001190704937,0.30150510655313945,0.0000000007621517529792333,0.0032716,0.0000014862682424309135,0.00003496856033074068,2.1286569894313354,0.00003492947900988436,0.0000000013387882582434774,4,0.000035228507882445,0.0779512015,2,0.00000009651645995190411,184.064635252877,0.000816862,0.00004031830327868852,0.0000229,-0.000653619,0.00030761532503745617,0.00000009462718819789982,0.8921400412900101,365.00001565366983,0.015027322404371584,0.00003742200000000001,182.5,1130.0098988867142,0.9930531767823857,0.00819672131147541,1.9129210132482073,0.000008097449999999978,0,0.745472522772763,0.00040054,-0.007015252375586201,0.1994535519125683,0.17320033596033826,0.45081967213114754,28.70356240410456,-1.0046090923972093,0.00024246095256651442,0.00021184754246575345,0.0000008090493150684968,0.000195398,0.00015180199999999993,0,0.15027322404371585,25.856162726134,1.0341831822773289,76,19,1.0275678387985863,0.001470481,78,0.26229508196721313,0.00031024627923179374,0.13960559460457853,0.0000004711568390657248,0.18438430993229737,-0.043918807955533774,-22.00361778812745,0.8613927669249177,2.119134001181918,50,0.45081967213114754,0.00819672131147541,0.553896894489285,-0.0169320864146504,0.1410965966586212,0.1535478241660223,0.0000001778471235967328,0.07732435300000001,0.000006291117206723041,0.00045714082320382995,2.176718981042223,0.0004570763228574901,0.00000021723041027275837,114,0.3085825238072499,10.4724902455,3,0.0008454315720746572,183.36035394739582,0.037696589,0.028700843852459017,0.02890727,0.020132462,0.004402636926132996,0.0000193832119033498,1.078723685001153,365.00184816505396,0.015027322404371584,0.0285607785,182.5,105.48238359808013,0.9725189410414768,0.00273224043715847,1.8792660360975675,0.029792731850000004,0,0.7720743108124924,0.005826149000000003,-0.537669126673626,0.1912568306010929,0.8617608112428123,0.37158469945355194,32.79721895263325,0.10216838726045063,0.0035467649509988352,0.002325434956164384,0.0000244874712328767,0.0030019409999999993,0.0018785979999999987,-0.00008864700000000073,0.00819672131147541,4.233221614561319,1.265136089527966,62,11,1.0230247909981374,0.017564127000000002,59,0.2349726775956284,0.029036557126260413,0.11135465387339794,0.0000015643419036610422,0.08223289610658731,-5.296552447964257,-1351.906123610007,0.7902396975195066,4.662056626782495,60,0.37158469945355194,0,1.605118301245146,-0.04329219273207219,0.12340830949383569,0.7040415021808735,0.00003425098884254271,0.8487837590000001,0.0016722380100731543,0.009701632698285985,2.133016149941989,0.009534640894885633,0.0001014056608229944,0
21,"Mochammad Zaenal Abidin","Widang, Tuban",0.000000398930734378148,0.011463475070937191,4,0.0000000010929609161045152,200.94878300127286,0.00005897436240047682,0.00003140218952064175,0.00003107820592712963,0.00001062830961018335,0.000010192015374939247,0.00000000010387717740299799,0.8576697130899653,365.0000000145726,0.015027322404371584,0.00003124035399461415,182.5,33297.99337511083,0.9993583051330966,0.00273224043715847,1.893494632441658,0.000027549428086786065,0,0.7812065697959502,0.000014906824789509947,-0.308613293193845,0.18579234972677597,0.7301304949684853,0.43169398907103823,67.16742087446829,-2.5676345304034727,0.000008317524402546862,0.000006169646766092727,-0.0000000205839373370404,0.00000743445863254598,0.0000037726520531577962,0.00000004458128159966855,0.07103825136612021,32.17026877177387,1.1760000990993538,77,16,1.0274009172126632,0.000048346052790293466,78,0.33879781420765026,0.00003301476463786014,0.26098864234770924,0.0000000270136545997435,0.13313408096072052,-2.461607806924677,-1.6250592023388981,0.7317699502642362,2.4457426269834475,62,0.43169398907103823,0,0.8794898227455409,-0.030157174877821144,0.15138097444267945,0.3722248765578501,0.00000000014646268798153467,0.0022519210696238454,0.000002032054343134938,0.000014689590248216583,2.1521825077145085,0.000014524269418877223,0.00000000022825571374212778,0,0.0000037224351510313227,0.0259647803063763,2,0.000000010198452468578967,185.47530779619802,0.0002596506442387,0.00002473771098214893,0.000024869556215081604,-0.0002011674841014,0.00009776826427686821,0.000000009558633499711544,0.8897249053351461,365.00000160333445,0.015027322404371584,0.000025996373520369003,182.5,4072.0807437060084,0.9993583051330966,0.00273224043715847,1.8937027378712832,0.000006200673651645007,0,0.7639131678605728,0.00011718014742601528,-0.2723360401183941,0.1994535519125683,0.24002474900567802,0.4644808743169399,34.24564451044884,-1.5386486752420754,0.00007668007631657417,0.0000696573400659367,-0.00000018100117140669636,0.00005871638351335429,0.000054233686036943915,-0.0000011715457557805902,0.16393442622950818,35.77837414630935,1.068912344669678,86,14,1.0303901148455488,0.0004608181283401,87,0.4016393442622951,0.00010084933239416053,0.04208588262835028,0.0000002014530382343154,0.1895152012807455,-0.12280356315862835,-6.316883344351449,0.8191183308639017,2.0332300445154217,60,0.4644808743169399,0.00273224043715847,0.4727261246726408,-0.01560806321827061,0.14767450782498703,0.18369565624863538,0.0000000166660456513125,0.025424929124066898,0.000003133062055450063,0.00013958819513866207,2.1549470394625643,0.00013954887516312293,0.000000021104154564244077,107,0.32084466426459257,10.744960280565527,3,0.0008790264774372399,184.8190426999274,0.0378966584801673,0.0294391476306504,0.0291686196855845,0.0211898256093263,0.0031561610432650454,0.000009961352531023899,0.8306044993092944,365.0012779502923,0.015027322404371584,0.0293762572264919,182.5,101.64032221860376,0.9984744065485794,0.00273224043715847,1.9252775926581325,0.027037217114120653,0,0.7453845821146613,0.004265489673707622,-0.1774893106580122,0.1885245901639344,0.9053115034497358,0.39344262295081966,55.370786100471825,-0.048744915334087605,0.002548678845482244,0.0019135220422395413,0.000017967771177422457,0.0021833935636096004,0.001312008224963402,0.00006872406229379777,0,12.016885708919418,1.2672388311413918,78,16,1.0275678387985863,0.016706832870841,78,0.38524590163934425,0.0296078497319588,0.22636874482908473,0.000003008771517945609,0.07747977906173262,-7.70134859335251,-1195.4110896442012,0.7458646798221457,4.804561625753789,55,0.39344262295081966,0,1.703920093170419,-0.04451873151356466,0.1295368013565783,0.4741904590380812,0.000013475077382687525,0.6984355454174326,0.001767218306948436,0.007519000970803662,2.1470707392195094,0.007280090515566603,0.000059521949299154294,0
22,"M. Fatihul Umam","Kwanyar, Bangkalan",0.0000003561887353084103,0.010138825073113367,13,0.0000000009785404816165118,173.03878573702173,0.00006520858126653668,0.000027826569052107614,0.00002626646725426933,-0.00000284717975773674,0.000014196534914494166,0.0000000002015416035784519,1.0730706318976109,364.0000000164631,0.01506849315068493,0.000028933257453900296,182.5,20724.83110804484,1.0000000000000002,0.0027397260273972603,1.7858371783496978,0.00002097233660075896,0,0.8547101154800026,0.000020581319939297198,-0.5853691203036742,0.16164383561643836,0.6724273170625414,0.44931506849315067,81.8028437978365,-2.585730410832191,0.000011713513311643021,0.000006067764975058385,0.00000003932127633511348,0.000009738892761864314,0.000003667100372695128,-0.00000025962253857869485,0.057534246575342465,17.77195955519767,0.9416758977777193,57,16,1.0203594922114798,0.00006805576102427342,57,0.2054794520547945,0.00003123875075591477,0.36733273703265146,-0.000000009612672053757366,0.12841817881237338,-1.7138798827352875,-1.8816521312990686,0.6512081931744966,2.7038938322872377,55,0.44931506849315067,0,1.0321169073496,-0.031538555778672046,0.15308999214134283,0.2628194584504341,0.0000000002946177490494207,0.0022086664509212523,0.0000010685550963057124,0.000018393364782221778,2.126274175188151,0.000018355120876543627,0.0000000003696059653604153,6,0.0000189232385571644,0.0581756656589543,2,0.000000051986919113089015,201.28742152585693,0.0006366936140693,0.000032502847595211345,0.00003626829129643738,-0.0005919724353589,0.00022536205114418253,0.00000005078805409591315,0.9288288127953925,364.0000094961773,0.01506849315068493,0.00002248368400615,182.5,1691.7807412822842,1.0000000000000002,0.005479452054794521,1.8805824051947024,0.00008379389182660993,0,0.8242332694546476,0.0003138247746391,-0.13999681203900183,0.18904109589041096,0.1649177302898597,0.4547945205479452,27.385848260944847,-1.1843215580415747,0.00018207506063841805,0.00015119092432824382,-0.000001131167019783557,0.0001610039616934626,0.00008247462574214343,-0.000004341891326449996,0.16712328767123288,28.275145149684004,1.3274828860823467,66,17,1.0232662962752737,0.0012286660494282,65,0.36712328767123287,0.00022769384971428342,-0.02012205439513259,0.0000001166262802926969,0.19328274289674768,-0.051048331507523755,-13.906635280211209,0.8669201229986357,1.9188391899867567,53,0.4547945205479452,0.010958904109589041,0.4056985330315923,-0.014617238134885226,0.14625401430295268,0.15400490966507896,0.00000008342241394402574,0.05503349645548075,0.0000011017954598003622,0.0003278908603896288,2.154088204636775,0.00032788830836605977,0.00000011419063573529084,103,0.29598508660282075,10.316484398197241,3,0.0008131458423154416,180.3546692298341,0.0353886224329471,0.028343492659568804,0.0283570569008588,0.0216007824055849,0.002750358039264943,0.0000075644693441493005,0.9559052568848001,364.0008594594619,0.01506849315068493,0.028265262022614403,182.5,144.9862716028151,0.9993562486743118,0.0027397260273972603,1.8514424710013175,0.02918409442063411,0,0.7966835031047815,0.0035843086661770003,0.08212386066506827,0.1726027397260274,0.9457973995064753,0.3917808219178082,29.191501709496812,-0.19973674150993243,0.0021598279020846223,0.001347698284796266,0.000028691556468442313,0.0017796189834674014,0.0005723545327782995,-0.000023843398825698983,0,10.12119133778754,0.8481070475165012,50,16,1.0182886219781855,0.013787840027362202,51,0.23287671232876714,0.02847662278935443,0.24910292673012752,-0.000002215033009353225,0.07205705066463186,-8.153516596870919,-1148.1563764765588,0.7981161479136734,5.362381114703722,50,0.3917808219178082,0,1.851907814178328,-0.04624156913600458,0.12688575359884252,0.5931237105187704,0.00001174502320566436,0.49056217566584087,0.0016081649674932127,0.006700262752935857,2.122624094995534,0.006479872334900175,0.00004764035185614168,0
24,"Dedy Nurohim","sambeng, lamongan",0.00000038896816107428905,0.011076322321741777,4,0.0000000010656661947240796,196.62133103776353,0.00006369352898235542,0.00003034740982216925,0.000028856314132169173,0.000004660275473614597,0.000011907529363375371,0.00000000014178925553964669,0.9366887128758149,365.00000001624386,0.015027322404371584,0.000030183724160298823,182.5,26348.355648999684,1.0000000000000002,0.00273224043715847,1.9323797204405264,0.000025321914201673887,0,0.7784990317480643,0.00001695307493601601,-0.3294452872887117,0.18032786885245902,0.6878081777323045,0.42896174863387976,84.91688754270258,-2.4675651248906827,0.000009732954270496313,0.00000692396464658862,0.000000022519926713847702,0.000008334317818163914,0.000005056386847085609,-0.0000004935464360374167,0.07650273224043716,21.182026172388337,1.203135232201037,74,16,1.026229611133446,0.00005903325350874083,75,0.30327868852459017,0.00003259991623385468,0.3191589001457563,0.000000023726600205078988,0.13165087689845228,-2.0611788489475367,-1.7943641379882282,0.7241777176710188,2.5851287300057546,56,0.42896174863387976,0,0.9108546242466793,-0.03053991472749692,0.14583778555554303,0.3441239904910006,0.00000000020062316345419218,0.0025272470960048463,0.0000018281264967842262,0.00001786442709184677,2.1587128553361596,0.000017747373764852488,0.0000000003339608243871577,0,0.000010369251983907647,0.04274741925161141,2,0.000000028408909544952458,184.38486742159836,0.00048824140033525306,0.00006128814708934758,0.00005368836633958077,-0.0003415981312131357,0.00015676432183335802,0.000000024575052599872654,0.7511109036569311,365.00000389983734,0.015027322404371584,0.00006129005423507032,182.5,2471.780826046589,1.0000000000000002,0.00273224043715847,1.9333449380798113,0.000031829657983639263,0,0.6879732367571371,0.00018141607731783692,0.13260306538982958,0.1994535519125683,0.26370248418933845,0.44808743169398907,25.841151430424006,-1.2990548292066388,0.00011884271986184477,0.0001091102275017136,-0.0000009846240579740089,0.00008875923357914593,0.00008490508291305201,-0.0000004972564056515992,0.15300546448087432,38.73974690634762,1.6307993795543887,84,19,1.0292315011315836,0.0008298395315483888,83,0.30601092896174864,0.00016831901132527532,0.05738385158938032,0.0000003815929274382478,0.17962481796878105,-0.22859625170818024,-12.176318328474132,0.8423479105615448,2.2626150773568585,58,0.44808743169398907,0.00273224043715847,0.5689882588931257,-0.01816027023978342,0.13980709581045903,0.19085694701708367,0.00000004071642454455181,0.03982523303812546,0.0000047584116676963756,0.00021133458969310647,2.1876070801436516,0.00021127254944023772,0.00000004583709501893198,106,0.31208210985998663,10.588897734570455,2,0.0008550194790684565,185.18338267871087,0.03798571852079905,0.02902044236493879,0.02875805776727185,0.020212400249644984,0.0032399514219280195,0.000010497285216453396,0.7783619589297517,365.0015218602657,0.015027322404371584,0.02916367281586335,182.5,99.469116805398,1.0000000000000002,0.00273224043715847,1.9305769710274476,0.028210393471664312,0,0.7072667450211216,0.004405217347136,-0.24207682644004702,0.1994535519125683,0.8833817732357151,0.3989071038251366,40.19666799597748,0.0021662692236079214,0.0026211008421752314,0.002248345538156967,0.000008960529549481367,0.0022166372388751493,0.0018441488345464045,0.00004797109535760111,0,19.57073042259267,1.3580152982219322,88,12,1.0307202564885687,0.017773318271154068,88,0.35792349726775957,0.02920074246099211,0.10579266790387871,0.000003555543810892901,0.08360901437073077,-6.957520252223249,-1188.7025802477274,0.7892813885126951,4.3886647981335924,60,0.3989071038251366,0,1.560279652329533,-0.042937086303393115,0.13062163967549723,0.5151192057379888,0.000015739609797117345,0.820646121427293,0.0017437542813818268,0.007279378089928273,2.1536018607571235,0.007039921879524658,0.00005566175180862465,0
25,"Marshella Aulia Putri","Kec. Kalianget, Sumenep",0.00000011289442764185341,0.005975562156702807,6,0.0000000003092998017585025,187.88644847785181,0.00003057883895962732,0.000016374187529557996,0.00001693865025724032,0.0000007728081179436685,0.000006351433151643821,0.00000000004034070307980016,1.0107284835195391,365.00000000487205,0.015027322404371584,0.00001638666809330144,182.5,52454.060498125895,0.9993583051330969,0.00273224043715847,1.765639324442292,0.000017166125080869678,0,0.841165126199045,0.000009568606363548802,-0.5741950332622228,0.17759562841530055,0.7064071204069419,0.4371584699453552,65.16409279994542,-2.890659597034365,0.000005210662804735214,0.0000033346030173064506,-0.00000001186021956079322,0.000004739403100491776,0.0000017713039284217302,0.000000010725050907982667,0.06830601092896176,30.53345792907027,0.5719566351102771,56,13,1.0201248908291878,0.00002980603084168365,56,0.32786885245901637,0.000017562879044534038,-0.3831648671050312,0.000000006174972215212486,0.1316018536320716,-2.0800817986493723,-0.9650460724121325,0.7485821465207716,2.4950080504443064,59,0.4371584699453552,0,0.889777970532419,-0.030552565149702792,0.14835848318356473,0.5045868864639698,0.00000000006928729932503416,0.0012171301013168545,0.0000008022660957277457,0.000009117379774809212,2.1250335523674337,0.000009076928932410947,0.00000000009177990359772394,0,0.000006937963354388166,0.03488548331300072,3,0.00000001900811877914566,175.28522579075025,0.0003278202784713,-0.000006212609532346978,0.000004007869695972962,-0.0003303490884718,0.0001375412211345441,0.00000001891758751118156,1.1146952644353287,365.0000025271331,0.015027322404371584,-0.0000084705620793,182.5,3409.769467196475,1.0000000000000002,0.00273224043715847,1.8844231190856824,0.00003164406334690495,0,0.7929158882510732,0.00016706566523223102,-0.2886103110766163,0.19398907103825136,0.2347176946969098,0.4562841530054645,34.623432189265976,-1.401524526953022,0.00010799995984896163,0.00008464822630343975,-0.00000017353595467284307,0.00008714910018170485,0.00004828477987446549,0.00001075593439359997,0.14207650273224043,20.72774740144812,1.316247263152789,74,19,1.026061871834679,0.0006581693669430999,74,0.2786885245901639,0.00013768145854973707,-0.16723385641751284,0.0000001954783064585368,0.18008940120487277,0.04143755151212776,-9.574021717495546,0.8002115974594862,2.096217887543781,64,0.4562841530054645,0.00546448087431694,0.6116339000058957,-0.018040384835969377,0.14757038319575158,0.20959701561127708,0.000000031365513130051054,0.03089660260075551,0.000002733716743161649,0.00020988163343626116,2.1643380947674227,0.0002098605358946041,0.00000004670398521964457,110,0.28673432631306606,10.159920196980215,4,0.0007855734967481262,180.1544225971581,0.0352353882044553,0.027836647581899365,0.0275157204208274,0.021211814135313,0.0029237257865756317,0.000008548172475087296,1.1361914764636825,365.0010741591952,0.015027322404371584,0.02794904401525845,182.5,98.68767060612315,1.0000000000000002,0.00273224043715847,1.8411849620041518,0.027522422466427034,0,0.8542571169210769,0.0042181981843896,-0.5024250033379181,0.18032786885245902,0.9147125580073495,0.41530054644808745,33.78313799545822,-0.12149278767815783,0.0023882233125383694,0.001643627274730433,0.000006653256204030427,0.0020206589251757015,0.0009692516177893934,0.00011652625269359743,0,13.385885284883377,1.1715057657383825,63,14,1.0223452523657828,0.0140235740691423,63,0.4098360655737705,0.027989768149699827,0.18046506198853754,-0.0000030526685352253335,0.07801851113819265,-7.6515853832204765,-1130.6225029775292,0.784058061735196,4.874370332581174,66,0.41530054644808745,0,1.7447744571605774,-0.04437971204941586,0.133531048976793,0.6471540368256419,0.000013904695403000548,0.599923955276608,0.0016135286351618506,0.007597424434848722,2.099996401320733,0.007407068088979658,0.0000635208582952743,0
26,"Robbaniyah Umdatun Ni'mah","Cerme, Gresik",0.000002532076171997653,0.02555529134129402,4,0.000000006975416451784168,184.94690386043283,0.00022029659845501642,0.00006995721790136005,0.0000601866331377281,-0.00001465168957636643,0.00004541190244060915,0.000000002062240883275403,1.1122418195405794,363.0000001382766,0.015109890109890112,0.00006751042188551105,181.5,7510.974197143326,1,0.0027472527472527475,1.857760201269757,0.00004408538243147928,0,0.8199358882841487,0.00005732831714169559,0.6354783070470229,0.17582417582417584,0.5939784303162319,0.39010989010989017,67.77719805458968,-1.9737896842195881,0.000035614736251029715,0.00001897575451328905,-0.00000007325124549535293,0.000026637649494309093,0.00001232503499084891,0.0000010959567899309197,0.06868131868131869,2.518008088613223,0.8428685914401438,55,13,1.0197324064333153,0.00023494828803138286,55,0.18956043956043958,0.00008340415589030185,0.9243995760143584,0.000000029948140793779036,0.11258865455432757,-1.3056609082238393,-6.5632545845706165,0.7211161995758077,3.6001683535432076,58,0.39010989010989017,0,1.199422954312847,-0.03565055576780096,0.12456580212094116,0.28792574935406645,0.0000000033187937903264704,0.006888198888323925,0.0000050009891992002025,0.0000739020874686668,2.1408449415340827,0.0000736941356603559,0.000000005876113168356154,4,0.000036476784724488116,0.08593186049228052,2,0.00000010048701026029785,182.7506847012755,0.0008173773077235,0.00017987458791598953,0.00016613949793319879,-0.0005246203222718888,0.0002604919953997627,0.00000006785607966734999,0.9507046409463366,363.00000881235616,0.015109890109890112,0.00018824702556693488,181.5,1351.3732882294148,0.999354179816642,0.005494505494505495,1.8744560144548585,0.00021347837422557513,0,0.7499514280740127,0.00033610399374467995,-0.1599511601653547,0.19230769230769232,0.3605181928699275,0.46153846153846156,17.81607722485294,-1.1293513534170374,0.00020540169987226672,0.00015184728048638077,-0.0000007435593744402471,0.0001706169653257369,0.00009742618122506654,-0.00001434219703058217,0.1263736263736264,20.280371463494763,1.1262695740336341,56,15,1.0202505305253453,0.001341997629995389,56,0.22252747252747254,0.00031656112687014653,0.05487032518907282,0.0000003496496520472659,0.1610248850859301,-0.481425567464071,-25.103523387270254,0.8215764149611837,2.5917055397929007,53,0.46153846153846156,0,0.8024696349687538,-0.023084064026173495,0.1432266027835522,0.3667284953511285,0.00000012453203161263635,0.05512056281655622,0.000014560840933522767,0.0003999503172458626,2.1633476139455348,0.0003996290606043626,0.00000016883419826487964,73,0.34731439165799327,11.090673131621148,16,0.0009567889577355187,166.44803702560327,0.0433563115997077,0.030548292410819113,0.02970541294401905,0.020051174445176508,0.00457845469846866,0.000020962247425929748,1.0091550634966975,363.0013551536322,0.015109890109890112,0.030489301048933798,181.5,79.44273019249059,1,0.0027472527472527475,1.8612243193966542,0.028207972449262424,0,0.7838044565997326,0.005396098344191382,0.16496701115230428,0.16758241758241757,0.9229213340434389,0.35714285714285715,34.61143016614007,-0.006507987014336416,0.003581320505085771,0.001958719416524567,-0.00000850338034632892,0.002524433784197075,0.0014053539796623112,-0.00010228387162510011,0,17.415895129429497,0.9761431764400337,66,13,1.0233386034338785,0.023305137154531193,65,0.24725274725274726,0.03088948715409239,0.6601555472622174,-0.000019756905212831317,0.07217221613375044,-6.244841098466321,-1384.1061185455121,0.6526129301487541,5.265719688884,56,0.35714285714285715,0,1.7797723939182755,-0.046136360176275704,0.11967354117919757,0.445756140587119,0.00002928128841282947,0.7110151481984177,0.0017112600318816681,0.00789937323621721,2.137495799988614,0.007686065433796435,0.00006686541085317452,0
27,"Rachelia Andini Tendean","Tikala, Manado",0.00000007369958481451323,0.003709643678005654,6,0.00000000020191667072469378,153.97017940423456,0.00005475417370289134,0.000008736718724608805,0.00000793790145463429,-0.000022270845667767863,0.000011181893031104942,0.00000000012503473175907325,1.3149630464579745,365.0000000030592,0.015027322404371584,0.000007721783971636062,182.5,64071.85656057798,0.9685224618311515,0.00273224043715847,1.7079309569190146,0.000004687911111962854,0,0.9397295475919881,0.000009258155622794436,4.866123095002747,0.17759562841530055,0.51727463898808,0.35792349726775957,14.875717670899018,-2.765586014968049,0.000007116052803831486,0.000002924974370434983,-0.000000013238893923898263,0.0000046364804540745965,0.0000020484345371744362,0,0.04644808743169399,-28.231164273409604,1.047102723298996,43,16,1.0156284029090217,0.0000770250193706592,43,0.13934426229508196,0.000014190313098448652,1.5018898809057843,-0.000000015611041577640656,0.08782733401311152,-0.7522960214079515,-1.4699667200946673,0.656618704566165,6.112008813576101,60,0.35792349726775957,0,1.8816607845249662,-0.041848551645970296,0.1109660241120533,0.25230093483626415,0.00000000022819486590161862,0.0010676156452087688,0.0000005317991736247517,0.000020751592802453845,2.100697396882046,0.00002074408428910427,0.0000000005075969383440835,26,0.000007494296567944068,0.03647641951610605,2,0.000000020532319364230322,194.07269472684789,0.0004182168688882063,-0.000012938502084758386,-0.0000037961404560208025,-0.0005005454298892022,0.00014250900075011904,0.000000020308815294797427,0.9409721239911123,365.000002230331,0.015027322404371584,-0.000018648148397887296,182.5,3287.2867568225197,0.9974332205323865,0.00819672131147541,1.873136673173306,0.000004773834438372528,0,0.7926896473958157,0.00017334535929297128,0.6730033757314082,0.1912568306010929,0.2089248155083979,0.41530054644808745,32.44530632407721,-1.3876524292716756,0.0001097271488488194,0.00007827873201161284,0.0000002174042156309017,0.00008602643052420323,0.000054103092679724796,-0.000003741293675330287,0.1284153005464481,12.061024125149453,0.8584941662161881,58,13,1.0209810373074868,0.0009187622987774085,59,0.226775956284153,0.00014309514363176242,-0.04575871581047776,0.00000006625663074145,0.15909628870767017,-0.018076335553001498,-12.667871060378193,0.802665167244377,2.7085845697174182,60,0.41530054644808745,0.00819672131147541,0.8162176558441208,-0.023457643948055974,0.1282458784887114,0.21946215209259523,0.000000038108760864473895,0.028571737184238687,0.0000007206161715793262,0.00023162788631208648,2.161828612020354,0.00023162645032988167,0.00000005660765702389298,89,0.24315410277737134,9.244254811113112,3,0.0006661756240475928,189.15404322529662,0.04047977977831634,0.025339777788537594,0.02531903973492767,0.007443233187315463,0.004717110736124149,0.00002225113369685771,1.079755001350299,365.0015423130409,0.015027322404371584,0.0250608911737799,182.5,86.41901634097513,0.9993583051330966,0.00546448087431694,1.852497469045386,0.025613333812365947,0,0.8155733136709412,0.006086628660885378,1.0760494783504129,0.17759562841530055,0.8637780302819582,0.34972677595628415,24.515038255384287,0.0767034392548037,0.0036551272876810164,0.0021832748751280857,0.000012051747882203018,0.0030526679488174415,0.0016148508737096959,0.0001172764100011714,0.01366120218579235,2.6730131042845815,1.2231555202701447,65,13,1.0230247909981374,0.03303654659100088,64,0.23224043715846995,0.025775094026391457,0.028979574756316524,0.000008171145887164283,0.07706150690203276,-4.727436331593555,-1304.2237883875964,0.7492942366339784,5.279934106948562,55,0.34972677595628415,0,1.7380571886603382,-0.044626666374046546,0.11618366993161315,0.7159193710950591,0.000039063264530218885,0.7968953294217512,0.0015577136795307121,0.010217171741930894,2.1307819397872816,0.01008223521595425,0.00011370912436636725,0
28,"Nurhabibatul Umah","Kerek, Tuban",0.0000007731552841,0.01577334,8,0.0000000021182336550684933,194.08037612414725,0.0000887,0.000043203797814207656,0.0000431,0.00000879,0.000015680496989886235,0.00000000024587798584983125,0.9761592130316361,365.00000002430306,0.015027322404371584,0.00004345,182.5,21929.824561403497,0.9260227125940319,0.00273224043715847,1.8452991231695366,0.000036758500000000004,0,0.8134672303728836,0.000022774999999999998,-0.3921173078891278,0.1721311475409836,0.7235441019482467,0.4426229508196721,107.78279463243378,-2.469334666714039,0.000012977097255815344,0.000007303890410958904,0.00000004684931506849312,0.0000114,0.0000042000000000000004,0.00000020000000000000486,0.0546448087431694,21.74244523015763,0.962310652851442,56,13,1.0218344776473585,0.00007991,58,0.1912568306010929,0.00004596135476050249,0.21143144139810277,0.000000025959482356137457,0.12355226845815284,-2.3169355080593936,-2.504378551174441,0.6880375743903905,2.8155925593992097,56,0.4426229508196721,0,1.0567494834768545,-0.032629755401397925,0.14894323988313732,0.3037637094673684,0.00000000032127661155767275,0.00266592,0.0000027910369221792973,0.0000230419914404533,2.137329748458909,0.000022840154088788493,0.0000000005692291979141388,0,0.0000046129944446,0.028718890999999996,2,0.00000001263834094410959,209.8771678222608,0.000308636,0.00003317025136612022,0.000023049999999999998,-0.000254808,0.00010725457744185979,0.000000011503544382231898,0.8822993223165754,365.000002198035,0.015027322404371584,0.0000336375,182.5,2957.6348385722904,0.9914157630126421,0.00273224043715847,1.916902950392549,-0.0000012581999999999942,0,0.8098459859383907,0.0001472405,-0.23651554805547592,0.1994535519125683,0.22526062523023307,0.453551912568306,20.389435405555417,-1.4715319602694141,0.00008546172277464241,0.00007476128219178083,-0.00000009252054794520402,0.00007475,0.000044000000000000006,-0.00000020000000000000486,0.1721311475409836,36.22606650450218,1.3268599749498857,72,16,1.0253898832529524,0.000563444,71,0.3989071038251366,0.0001122666912219448,0.22395980107035993,0.00000023213195696377114,0.194577196473943,-0.16411465809053688,-6.615149321854483,0.846369600433666,1.9067909479753098,57,0.453551912568306,0.00273224043715847,0.40564147155832025,-0.014301818630225768,0.14892659926112656,0.20976980408300872,0.000000018992705439409818,0.027287868000000003,0.0000008060650434721347,0.000152759069294539,2.1602259990469617,0.00015275608666867905,0.000000024645743389799336,93,0.3255515951091362,10.822535522,3,0.0008919221783811952,185.17218331305426,0.038546169,0.0296543116284153,0.029504957999999998,0.021616321,0.0031791562376606575,0.000010107034383456667,1.0429057376937667,365.00129843385764,0.015027322404371584,0.0296272215,182.5,108.45888171951574,0.9984744065485794,0.00273224043715847,1.9013181713618355,0.0292347526,0,0.742720336224836,0.004622983499999997,-0.39290376339556987,0.1885245901639344,0.905428415376834,0.39344262295081966,22.07591179718938,-0.04400201253339172,0.002590665869001762,0.0019299196383561644,0.000020961610958904112,0.0023178,0.0011636320000000012,-0.00014627500000000127,0,12.119794725442022,1.2525633567602954,75,16,1.0265647814982015,0.016929847999999997,75,0.3360655737704918,0.029824239010218242,0.19021635543547294,0.0000034650714662558058,0.07795474989068076,-7.553301743717118,-1210.9976970006983,0.7763393295244347,4.628717003525991,59,0.39344262295081966,0,1.674682332508607,-0.04439616559812751,0.13028806863226555,0.5541029283634754,0.000014621403648494547,0.704420668,0.0018149951188500446,0.008006484374967069,2.1441130995022304,0.007772417998362464,0.00006864058548823508,0
29,"Fahdimas akmal","Kwanyar, Bangkalan",0.0000004147546237990497,0.0105200426325296,7,0.0000000011363140378056158,152.2937054538121,0.0000928002313086079,0.000028712452940887364,0.000024904015219817666,-0.000007501233308441114,0.00001757283132450604,0.0000000003088044007595408,1.2807576036068673,365.0000000111956,0.0150273224043715,0.000026991370976334328,182.5,24005.26881097379,0.9993583051330968,0.0027322404371584,1.761303259599104,0.000017574132845821134,0,0.8642572984166236,0.00001790868314376428,2.6701591898151937,0.1693989071038251,0.6411214537932005,0.3825136612021858,51.10537320714113,-2.509812088443064,0.000012726079595518856,0.000006135183476463652,0.00000001587389317792407,0.000008424298300422452,0.000004965491949439895,-0.0000003112113931406776,0.040983606557377,-7.167063090336266,1.1247930608529348,74,16,1.026229611133446,0.000100301464617,74,0.1639344262295081,0.00003366317505290035,1.487889877305681,-0.00000002958688445517828,0.0949461643648734,-1.6310608806359208,-2.586106269581299,0.6304091469217786,4.4870261301559005,55,0.3825136612021858,0,1.5362023092954562,-0.0400115420745872,0.1227700059554263,0.3104165768018442,0.0000000005185397839344646,0.0022393419689092,0.000001039284347677579,0.000030360865975873405,2.113200124875928,0.000030340121141266903,0.0000000010661201796807552,4,0.000008643045664517328,0.037467767262871,2,0.000000023679577163061173,182.6067634230264,0.0003476951442962,0.00003273448179341497,0.00003936419348065101,-0.0006589191369952,0.0001501443724104,0.00000002254333256651802,1.1066735100396974,365.0000032916336,0.0150273224043715,0.000034963560849213456,182.5,3038.4451159597443,0.9993583051330968,0.0027322404371584,1.9402940097815893,-0.000004619854155801242,0,0.719079568765926,0.000170728092322,2.955711869654672,0.2021857923497267,0.2074795884997089,0.4508196721311475,20.148853326222216,-1.3103284764091196,0.0001104407392302,0.0001044471054142,0.00000029718755347125736,0.00008542168482424513,0.00008481040007950469,-0.00000227712585870824,0.1393442622950819,24.960251955619217,1.0873249708830215,88,17,1.0310500045206188,0.0010066142812914,89,0.4016393442622951,0.0001536713339071,-0.8817985850953753,0.0000003450492799356807,0.1763367541067453,-0.098360782984423,-11.95552054134707,0.8520707891291109,2.287915251692552,53,0.4508196721311475,0.0027322404371584,0.6605366282355605,-0.019008752994311,0.1419173324477877,0.1339826774475733,0.00000004082116927082612,0.0381231934761832,0.0000031862423436626043,0.0002248554880228,2.1789412474141723,0.0002248257172767,0.00000005272113935498962,112,0.2936462752502612,10.280194377392691,2,0.0008045103431514,183.3917389397804,0.0376324298572361,0.0281662748507464,0.0280451084202864,0.0198497844584202,0.0029955280823148,0.00000897318849193702,0.9367488026975724,365.0011794451855,0.0150273224043715,0.0281865360680967,182.5,117.43633744724453,0.9993583051330968,0.0027322404371584,1.939033333147401,0.0260737103480058,0,0.7373619309761996,0.0041074211680736,-0.0684250923865077,0.1939890710382513,0.9127430784680248,0.3715846994535519,15.460037300082874,0.0036738768090975,0.0024116109651349,0.0019455343989785,0.000020570065571020555,0.0020460620238224,0.0014763293645592,-0.000016692726823898385,0,6.497557558337616,1.2865086868218047,75,18,1.0267322129005043,0.0177826453988159,76,0.2650273224043715,0.0283251165480343,0.1881129025969082,0.0000013676968373884374,0.0771765668944118,-7.3172374668834035,-1173.2897040945018,0.8267019551768278,4.996246143693064,53,0.3715846994535519,0,1.6958675686295543,-0.0445969752173762,0.1235464490701475,0.765087454636295,0.000016132827023507898,0.7101200556271754,0.0016592245056817,0.0075453377842522,2.1546966599102086,0.0073318607845689,0.000059385070779828336,0
30,"Muhammad izzul Millah Aqil","Wonokromo, Surabaya",0.0000008405341448457878,0.01574714289227234,7,0.0000000023155210601812337,177.58613243518218,0.00012524416595317898,0.000043323516778519525,0.000040788902987183836,0.0000018059022431273354,0.000020790205206506893,0.0000000004322326325286663,1.244182865931938,363.00000002139393,0.015109890109890112,0.00004182998321588344,181.5,23643.330045582214,1,0.0027472527472527475,1.7761141665248612,0.00003266546817064024,0,0.8505408304728793,0.000020077970475540496,3.6314112283685525,0.16483516483516483,0.6683077149737868,0.3928571428571429,59.65250618090161,-2.418344013813555,0.000014449099560920435,0.000007694261275420181,-0.000000027066637489613654,0.000009813718059954998,0.0000057405105023120365,-0.00000010264353441595187,0.04395604395604396,1.0107547303317157,1.3943836882305634,58,14,1.0207676618853716,0.00012343826371005165,58,0.12912087912087913,0.00004805371721924673,1.5428046581919173,-0.000000009886198377117372,0.1006570191998275,-1.895872578138875,-3.35931444627783,0.6827953592937814,3.902298708194578,63,0.3928571428571429,0,1.3784524068970667,-0.03874614754901124,0.12766462002074758,0.36208966459590897,0.0000000007378387556064611,0.0027930168429775256,0.0000019067931576491264,0.000037665542053910607,2.100590577037945,0.000037612542244391964,0.0000000016732626846257268,0,0.000058798766101272815,0.09729451312277942,6,0.0000001619800719043328,181.3921139960464,0.0013300512685294923,0.000049387390468449905,0.000044965307097299956,-0.0011767263676900849,0.00039886834591066554,0.00000015909595736951033,1.2302178379349182,363.0000116586867,0.015109890109890112,0.00006045771765492933,181.5,1157.2829325368634,1,0.013736263736263738,1.7691188792210284,-0.000048676431391275234,0,0.8617636779833018,0.00039596802889718674,1.5398147651059455,0.19505494505494506,0.26096111292525753,0.4450549450549451,82.04447530586562,-1.0755225586815205,0.00028757615938264163,0.00018348434789755574,0.0000003287957741663414,0.00020060900804263416,0.00012322477365691166,-0.000002575284435851606,0.10164835164835166,8.261591200928404,0.9476369079142034,65,16,1.0233386034338785,0.002506777636219577,66,0.14285714285714288,0.00040191425914838283,0.02281516354179974,0.000000021293098559688053,0.1528085619553317,-0.04290060946144401,-34.57503335716706,0.7264499557732179,2.533815204492015,51,0.4450549450549451,0.008241758241758242,0.8683501310058663,-0.02521574016269369,0.14152946132530345,0.0981358027188658,0.00000031669337342251006,0.06660481828681274,0.000007114405885836805,0.0007116959257630423,2.1126463279899474,0.0007116545038005591,0.000000581703600754743,96,0.3252208609906434,10.562820004160564,5,0.0008959252368888247,181.83513118411685,0.04724826597297907,0.0289737016882268,0.029382900445986807,-0.007416134448599361,0.00734768768403314,0.0000539885143020923,1.3058571821488671,363.00254694817295,0.015109890109890112,0.029312871800212283,181.5,80.51478115060428,1,0.0027472527472527475,1.8184756886687485,0.028115725825426624,0,0.7644666868398079,0.006224975345614593,6.540546845818453,0.1978021978021978,0.8116531392861255,0.34890109890109894,24.501106575526013,0.19180728486743776,0.004732424726762226,0.0029187452614910614,0.00003263460005282039,0.0031089072710931837,0.002336781471967704,0.00014581972831981434,0.024725274725274728,-11.778734166563842,1.1552066585328002,65,19,1.0229972155216307,0.054664400421578434,64,0.18131868131868134,0.02989086656188557,-1.5639679788259424,0.0000056379561978743975,0.07768906304276926,-3.678368708330077,-1693.549442912244,0.7164451419989339,5.391393322791518,57,0.34890109890109894,0,1.770918455001905,-0.04470504707942406,0.11454973481855979,0.7121867994983926,0.00010235302426128606,1.0595045299212553,0.0017698238025065402,0.015718551460454117,2.1142398800380287,0.015605829625376409,0.00028260690362135106,2
31,"Riska Nana Nuril Fadilah","Asemrowo, Surabaya",0.0000012303605413437681,0.019691450893550632,3,0.0000000033708507982021044,178.47268476816188,0.0001062561436506,0.000053887955774006,0.00005276935735309962,0.000000912726154504256,0.00002139460319431988,0.00000000045772904584240235,1.0652433232939233,365.00000003555124,0.015027322404371584,0.00005400191184889991,182.5,17255.673357057552,1.0000000000000002,0.00819672131147541,1.8666862491840548,0.00004831726402774734,0,0.8201124189455972,0.000027927342892472288,-0.24028917766306046,0.1830601092896175,0.7159236144127067,0.412568306010929,35.49453700073751,-2.2271009706868425,0.000017195505513491998,0.000010162983067867549,0.000000021200784966859915,0.000013778239008388482,0.0000071092000567416695,0.00000016749554463990927,0.05737704918032787,0.6416853278683033,1.2059765328726366,56,15,1.0199533347767953,0.00010534341749609574,56,0.180327868852459,0.00005797965870323513,0.13205807222758117,-0.000000008466255112889833,0.10892428115609659,-2.1386692902657933,-3.7293183594210455,0.7573424931157391,3.719943923282446,50,0.412568306010929,0,1.3146758333899249,-0.0364044980706477,0.13120442248745046,0.7326338383340204,0.0000000007977333726931475,0.0037094888197716554,0.0000026299730329380363,0.00003783023749531189,2.145259131731566,0.000037711343893775576,0.0000000015292989967110256,0,0.00004025563088467808,0.09218024531050614,3,0.00000011028939968404955,174.55294525542666,0.0008019102567541,0.00025251205877959223,0.00020940585818605,0,0.0002150016806849067,0.00000004622572269733458,1.0573458733689196,365.00000342599594,0.015027322404371584,0.00024219037368310828,182.5,1397.6476475060363,0.9181411068440857,0.00546448087431694,1.8033052093950903,0.000040095512837705,0,0.8153188846868694,0.0003041594849493473,-0.15626584499616403,0.1721311475409836,0.5152996017936281,0.40710382513661203,33.10113578782188,-1.309862203064434,0.0001732890644080964,0.00008797295579271715,0.000000973043932215716,0.00014427603099993996,0.000047630527400299976,0,0.08469945355191257,10.15359920473937,1.0124799298711942,37,13,1.018921695562343,0.0008019102567541,48,0.2185792349726776,0.00033164448212874407,0.8322335793696266,-0.000000018988071020712613,0.12481504659153178,-0.960679948599005,-28.156714280290455,0.7498869834285239,3.216038485803397,56,0.40710382513661203,0,1.0920950709033703,-0.03230389632021107,0.13015327971876509,0.45079744915883657,0.00000008841571769255748,0.03211012886434176,0.000015210104263961026,0.0003685015385521496,2.140040402118416,0.00036812113688381993,0.00000014796334022218834,24,0.32509165507298377,10.783599393661314,3,0.0008906620686931062,183.55753095006494,0.0388433501132838,0.02954231616922658,0.02963142376393075,0.0196181276475046,0.003934478508091463,0.00001548012113063362,1.0774734740074148,365.0013310041842,0.015027322404371584,0.0294346190243095,182.5,113.285752378908,0.9987166102661934,0.00273224043715847,1.8310473343016354,0.03019200000368316,0,0.8428277301708405,0.004920312962382448,-0.21839061006002458,0.1885245901639344,0.8945385340943225,0.3524590163934426,32.24474180518004,-0.001899337008176062,0.003103980770590391,0.001949059272015449,0.000027644093314262467,0.00252425319818075,0.0014713648706675027,0.00003460955006969954,0,6.9154747293507235,1.0178141590139402,65,16,1.0233639230973226,0.019225222465779197,65,0.22131147540983606,0.029803163687319837,0.07542617978231027,0.0000019193466340498987,0.07331637926912277,-6.192747986349708,-1355.8421214027237,0.7897025018254262,5.2858918628137825,61,0.3524590163934426,0,1.7649038447202205,-0.045593094139248704,0.11744757979472087,0.6665015340099207,0.000027620990398350188,0.7114066342856389,0.0017245146404144035,0.009297342382589953,2.1080591811844895,0.00911820210429465,0.00009687607290800019,0
32,"Alifah Sayyidaturrhohma","Kota Sumenep, Sumenep",0.00000015545941691101378,0.006052618948768848,6,0.0000000004270863101950928,162.86054931769226,0.00005962029578431727,0.000015610881223894526,0.00001471418818255188,-0.00003263233415369984,0.000013498762836962638,0.00000000018221659812856362,1.1960246243306214,364.0000000099887,0.01506849315068493,0.000014959284990387206,182.5,35905.101169117836,1.0000000000000002,0.0027397260273972603,1.749391920333945,0.000018106612312209568,0,0.8348877337495518,0.000014076846764428512,2.16146315966778,0.1863013698630137,0.5140128946535691,0.410958904109589,62.39931932677467,-2.6015156103713526,0.000009619730358680332,0.000005203045299627855,-0.000000006816792092949681,0.000006985230900437979,0.0000031528608826695373,0.000000021290018619963332,0.06301369863013699,4.835212032771721,0.9199212268610703,60,15,1.021388991508965,0.00009225262993801711,60,0.13972602739726028,0.000020637737538671875,0.4894161918758902,-0.0000000035778747198180245,0.11791450948307156,-1.0026627318126928,-1.7351024882069688,0.697629988221862,3.1696608690688883,54,0.410958904109589,0,1.1660630226079614,-0.034278663997316994,0.13418252122987204,0.3604333052540286,0.0000000003409056253742365,0.001893908489064539,0.0000006865653833686641,0.00002392587974141757,2.108106837267855,0.000023915068572124504,0.0000000006795822857873967,28,0.000021437628073945847,0.05473251929915397,5,0.00000005889458262073035,124.50070462714018,0.0007581789220575,-0.0000043961371005045695,-0.000001562319425829628,-0.0009778334518116,0.00024230951607075857,0.00000005871390157844521,1.187892682324436,364.0000045590203,0.01506849315068493,0.0000026148840913999954,182.5,2088.9485673969893,1.0000000000000002,0.010958904109589041,1.8268989829890483,-0.000023026646183595123,0,0.7950605358442953,0.0002335088504604,3.7078636232731474,0.19452054794520549,0.2446388544664816,0.4383561643835616,20.949524020233177,-1.2579921924921975,0.00016571604808393202,0.00011366880496587766,0.00000037948872317068793,0.00011768551087237038,0.00007784694151684505,0.000003327143428639063,0.09863013698630137,3.623569877510981,1.1417882781735094,68,14,1.0241153442569633,0.0017360123738691,68,0.20821917808219179,0.0002423493915813523,-0.5938318395871873,0.00000021350733580423682,0.15496228177818847,0.0494124645803177,-20.686755092578768,0.7553352351223266,2.4596824854942034,58,0.4383561643835616,0.010958904109589041,0.8461459801915814,-0.024613955202158762,0.14073300974289243,0.11700961875351634,0.00000012345713209956353,0.04137544500757947,0.0000008725932122064723,0.0004694092828521384,2.142153682277802,0.0004694083429515624,0.0000002526828625393705,106,0.28260412602069995,10.052370190457152,3,0.0007763849615953296,181.03151338352262,0.0374856775272673,0.02762313979339694,0.0273892190307378,0.0179988294617803,0.003349630944330663,0.000011220027463217528,0.9989209127987164,364.000873302645,0.01506849315068493,0.02745900432365445,182.5,113.42221801569734,1.0000000000000002,0.005479452054794521,1.8484286519076072,0.02676791109124945,0,0.8021457907190056,0.0042698383331299,0.3225001603835813,0.1780821917808219,0.911422747223797,0.3424657534246575,44.9869418743018,-0.069274988833031,0.0026261032796965947,0.0016244980205875285,0.000023959526935448907,0.0021428670734166995,0.001120010856145201,-0.000038777370854397794,0,0.5322385911122494,1.206053453524977,64,17,1.022755591507579,0.019486848065487002,64,0.19452054794520549,0.027825489744275247,0.28950337553569905,-0.0000010437775442170487,0.06690390846715975,-6.940555293880621,-1233.6385901710391,0.7826819705029634,6.111736260125806,54,0.3424657534246575,0,1.9607379002182241,-0.04758587719107146,0.11456292451670921,0.7383740528672733,0.000018836008962107986,0.5913172794938604,0.0015858362029295924,0.007918726375236109,2.133270440590525,0.007732918000446902,0.00006646098839027224,0
33,"Lailatul Hasanah","Socah, Bangkalan",0.0000003850098949383799,0.010564450697606925,3,0.00000000108453491531938,173.95641474534838,0.00006952163743174395,0.0000286602147102928,0.000029523061820961804,-0.00003273698285307785,0.000016127013415011154,0.00000000026008056168794973,1.2115316035871027,355.00000001599415,0.01544943820224719,0.000028756468433736394,177.5,25546.435325427734,0.9984241569562494,0.0028089887640449437,1.8247261080733297,0.00003373112033205632,0,0.851336887216192,0.00001912888636968984,1.197989932673523,0.17696629213483145,0.6122333349730095,0.38764044943820225,19.18650210064751,-2.410559425641068,0.000012061020867017836,0.000006916038678282888,0.000000050879640065017846,0.000009630145091458377,0.0000054844558915312895,-0.00000008981913647087783,0.06179775280898876,-4.162349236402097,1.1474454767178393,54,16,1.020059965930269,0.00010225862028482179,54,0.15168539325842698,0.000032885991986376716,-0.5682974247048589,0.000000002130568180824194,0.10692264720915223,-1.5509889058311577,-2.387412720180439,0.7427458446072955,4.006015502904126,56,0.38764044943820225,0,1.345425713955114,-0.037940810125543255,0.12184700095044067,0.5462498455980545,0.0000000005176725689441761,0.002455193730790425,0.0000012633846610531386,0.00002894017088051348,2.14213012435299,0.00002890732116755287,0.0000000009056860941817194,10,0.000020977218634800954,0.05372364715218539,2,0.00000005909075671774917,150.4854548710056,0.0010200480767413788,0.00005446691795063006,0.00003586462061503771,-0.0005048453341075518,0.00023655470042894817,0.000000055958126295029415,1.0216364495529633,355.0000073171256,0.01544943820224719,0.00004183871868240019,177.5,1945.3127384256984,1.0000000000000002,0.008426966292134831,1.9152926923602183,0.00002886735968957388,0,0.7796329746248836,0.00023887658035918699,2.680622663566121,0.20224719101123595,0.1977675004036644,0.4550561797752809,24.071622955181066,-1.1485896887683764,0.00016982956398061877,0.00014946441359603384,0.000000623643453007885,0.00012091733732814535,0.00011638682308088041,-0.000002156179603344892,0.12640449438202248,17.075020462251057,1.171182072383406,74,13,1.0268881107863963,0.0015248934108489307,74,0.3202247191011236,0.00024274425110817782,0.9186849711285315,-0.00000004787842628035553,0.17116977356700025,-0.1283605487375257,-18.473046490156374,0.841378290300141,2.3759315596831416,64,0.4550561797752809,0.008426966292134831,0.7245728060424668,-0.02090395576174892,0.13950820023244073,0.2207475997961218,0.00000010979517866312696,0.053059866826592014,0.0000007226243790760972,0.0003895158714777317,2.1642399377418533,0.00038951487800969293,0.0000001599477621360604,109,0.29675221059135826,10.163083565493473,3,0.0008359217199756571,177.1684439134483,0.04157684209892928,0.02863542465181958,0.02846485562622545,0.0203304110715786,0.0036859300409242115,0.000013586080266587561,1.0298455928624128,355.00146820145926,0.01544943820224719,0.02849522947023305,177.5,103.29120878023141,0.9993371691578262,0.0028089887640449437,1.8787628694413843,0.027766661931151335,0,0.7753360214414169,0.0047126880998285756,0.7136080557405582,0.19101123595505617,0.8722227156281064,0.37640449438202245,18.183192948898842,0.0071469843518988645,0.0028541665211982395,0.0020950552768125266,0.000016907522096320552,0.0023728240936842313,0.0014921538531780972,-0.00007618410839436984,0,8.10868099397881,1.286057021439425,68,15,1.0249793907120583,0.021246431027350677,68,0.33988764044943814,0.028871675137695497,0.5069736949389662,0.0000003147102909028834,0.08023366843787784,-6.220810688424534,-1190.5235330283936,0.8092783196920295,4.654193499815373,60,0.37640449438202245,0,1.6359167608460359,-0.0450181110138663,0.12616657979728452,0.72785076224363,0.000024907357828119854,0.7437446232684469,0.0017578926406883373,0.00886612281576101,2.135066902214935,0.008667669677036732,0.00008516294429239314,0
34,"Magdalena Jovita Hatuopar","Pilangkenceng, Madiun",0.00000018678738513528822,0.007777551998533904,2,0.0000000005131521569650775,160.90417455849334,0.00004730890949147767,0.000021293095325262472,0.000020814434926774643,-0.000007703543632713557,0.000007638740217726393,0.00000000005835035211391067,1.0908249069779796,364.00000000781705,0.01506849315068493,0.000021187202562315912,182.5,53915.666927261416,1.0000000000000002,0.0027397260273972603,1.9183476501457393,0.000017052060273172496,0,0.7534631553748902,0.00000891164920987709,0.9869179543554534,0.19726027397260273,0.6779370878403096,0.4273972602739726,15.65649969421057,-2.6304339206480254,0.000005869281730274812,0.000004703749958054523,-0.00000001523692551409184,0.00000430083800031664,0.0000034986393247179296,-0.00000003550778284207524,0.07671232876712329,19.7748527852795,1.2905463787423948,70,18,1.0249617530852921,0.000055012453124191226,71,0.2904109589041096,0.000022621809402535097,0.2046700841522956,-0.000000019370930522881723,0.12897101966575364,-2.096872134974556,-1.2677043071386547,0.8295453287014282,2.8246421292274473,58,0.4273972602739726,0,0.9833379346888164,-0.031394335343083474,0.14185479568548592,0.5651855093310733,0.00000000010863705614219708,0.0017121649847318464,0.0000014135905144609922,0.000012430270821821116,2.161408534237454,0.000012326449391930417,0.00000000016002922216016855,2,0.000007417849229568073,0.035523254736941096,2,0.000000020378706674637565,149.29320202747675,0.0004667199104287,0.00006732314037733814,0.000047605838016796516,-0.0002624557651713491,0.00012566013437558305,0.00000001579046937128959,0.8585445530158864,364.0000025949359,0.01506849315068493,0.000058236698743310326,182.5,2976.851636773877,0.9984695174334918,0.0027397260273972603,1.944283519584194,-0.000007244278711331914,0,0.7451735595255293,0.00014426688732153704,0.8244092343688112,0.19452054794520549,0.2511717960034228,0.4410958904109589,22.901617343738035,-1.376966474441037,0.00009670730722751924,0.00008004204245486535,-0.0000009749777429581693,0.00007431101247994756,0.000053906636008090345,-0.0000014995667348660072,0.15342465753424658,26.074087221838383,1.3270863393503414,68,18,1.0242848364525325,0.0007291756756000491,68,0.25753424657534246,0.00014255832000117133,0.631953835999405,-0.00000003158374699115312,0.17495044141938237,-0.3563021781831672,-10.440643505563102,0.8502891213313216,2.3716773447635857,55,0.4410958904109589,0,0.5880314610919831,-0.019399613547701543,0.13541982073746872,0.294721490768756,0.0000000307491870588221,0.029135303453570988,0.0000033637422396230144,0.00019466398502466638,2.173358115756048,0.00019462090302764317,0.00000003957144216294515,81,0.326217761952564,10.752083397178367,33,0.0008962026427268243,161.71842851009816,0.0418193240224824,0.02953144273233612,0.0284954815142669,0.017537029969762925,0.00465200850896423,0.000021641183167475597,0.8776584058689815,364.0014507304704,0.01506849315068493,0.029435747987709114,182.5,74.80793610986619,1.0000000000000002,0.0027397260273972603,1.844256220402902,0.02603583288821474,0,0.7991939079975234,0.005746539181608886,-0.0008168992892136906,0.16712328767123288,0.9120743128181027,0.3835616438356164,38.632506128435196,-0.06930955633143969,0.00370271128600582,0.0021084886269957673,-0.000013645961976336541,0.0027520958913112986,0.0016148616204592244,0.00005722638059773438,0,20.106023554650605,1.0718930608406974,90,18,1.031475559527658,0.024282294052719477,90,0.2821917808219178,0.029895606583923387,0.7596494290418867,-0.000025891173415970897,0.07661946810111551,-6.400977618808645,-1290.2820363608796,0.5709825136128175,4.694210534428194,56,0.3835616438356164,0,1.6746374532511794,-0.04505136434921424,0.1277445327230162,0.36059229404253634,0.000023926538188073084,0.7674898602264594,0.0016763053717671712,0.006941276019080723,2.131354571589043,0.006712012280412772,0.000052202455039293896,0
35,"Mohammad Aziz Huzaini","Tanah Merah, Bangkalan",0.0000003416984425363379,0.010106602269389694,5,0.000000000936160116537912,152.89732209976648,0.000061004267091080766,0.000027532071327665867,0.000025059800475902944,-0.000007191774495171465,0.000013250937718522835,0.00000000017558735042017117,1.0498465126029093,365.00000001014064,0.015027322404371584,0.00002736526942641595,182.5,23012.230926647473,0.9987166102661934,0.00273224043715847,1.8175521744821708,0.000023496444218642038,0,0.8301647658376076,0.000017728710722912126,0.007728156176207701,0.1721311475409836,0.6994281537862697,0.3907103825136612,45.96468165084336,-2.5560899061519375,0.00001039490170682946,0.000005262985987759249,-0.000000029346351164258094,0.000008316867550076272,0.000003612610822585278,-0.00000013850326827957003,0.0546448087431694,1.2744461298720429,1.3310917141187615,57,13,1.0208100252350374,0.00006819604158625223,58,0.17759562841530055,0.00003055490634925678,0.36595910035231183,-0.00000003643545808398985,0.10535918437571248,-1.8510315469708265,-2.123765510152324,0.6814939528852048,3.7093647912702155,53,0.3907103825136612,0,1.2973059387034658,-0.037324468990709216,0.12783700009914942,0.30736611033926553,0.00000000023693329307505137,0.001920989885532126,0.0000010458571663366046,0.000019755502597612793,2.1443682363137824,0.000019720552558815453,0.0000000004188918636729098,4,0.000016854389200065434,0.06279354701962825,3,0.00000004617640876730256,158.3268931429286,0.0005253492134596,0.0001529115435478199,0.0001279095134426,-0.000218673370125,0.00015055996667723108,0.000000022668303565848934,1.3818696276911202,365.0000012382668,0.015027322404371584,0.00015683817145887286,182.5,2065.8521988604016,0.9950237284964485,0.00546448087431694,1.8454890643279342,0.00004173453412960996,0,0.7869771173680828,0.00019909750619489874,0.06502401196123708,0.18032786885245902,0.5141281344620525,0.33879781420765026,26.45464582235546,-1.4091560454453995,0.00011953365090348988,0.000059804841958357206,0.00000006592545471348445,0.00009296782854034998,0.000043742666230599974,-0.0000023131704291000214,0.06830601092896176,-18.26999652607867,1.1548740898072056,48,18,1.0171934384543417,0.0007440225835845999,47,0.17486338797814208,0.00021459320519537839,0.24486294124282504,-0.00000008425771890626199,0.10267447798594014,-0.859138844645951,-21.900967335579455,0.7628770008709779,4.942501624214887,63,0.33879781420765026,0,1.4855057450871427,-0.03801725573946833,0.10797158368519914,0.40521778257891516,0.00000004132740277585548,0.02182876731480038,0.000008311282045591,0.0002695861931449532,2.147859115550363,0.000269400218728592,0.00000007833642146776086,22,0.295975018801702,10.31365047605263,2,0.0008108904624704164,177.5797874675963,0.0361147572596867,0.028259103494974236,0.02811994805522245,0.0203417820964198,0.0031777325908709624,0.000010097984419083478,1.1334263425697906,365.00116618743334,0.015027322404371584,0.02812656822303925,182.5,120.96391166074628,0.9993583051330966,0.00273224043715847,1.9284506477227505,0.027439620919889905,0,0.728576869594664,0.003962418026728424,-0.32780920914765677,0.19398907103825136,0.908801911332381,0.37158469945355194,26.470235335149237,-0.004027693727432234,0.002501243844958891,0.0017898692620284332,0.000006967941171502471,0.0020190647144094007,0.0012171585112809996,0.000037208678851399085,0,10.231371128090474,1.3140655385845323,65,15,1.0230247909981374,0.0157729751632669,64,0.2459016393442623,0.02843721003823597,0.07165545627315202,-0.000006140470908681376,0.07455125708520738,-7.267938253560047,-1197.074514573608,0.7838883167698036,5.0349557204451765,58,0.37158469945355194,0,1.7214172310388873,-0.045274434716907716,0.12109181477545497,0.6100601107907622,0.0000176361703973536,0.6533022806403781,0.0016421225333403326,0.007459151777067454,2.1560565316339266,0.007247726717810581,0.00005858297688018334,0
36,"Alghifari Amar Mukhasyafah","Sidoarjo, Wonoayu",0.0000007039310896829897,0.015701296429252148,22,0.0000000019338766200082137,195.8225112189605,0.00006321977499672877,0.00004314233009516094,0.00004295667423758897,0.00002759780628283889,0.000008204735331427374,0.00000000006731768185877265,1.4873708439139735,364.00000000046225,0.01506849315068493,0.00004258024111030474,182.5,35643.30000605276,0.9057061865536807,0.008219178082191782,1.3477202474782022,0.00004006549533270034,0,1.0380960675807165,0.00001325110710952329,-0.599245531799435,0.11506849315068493,0.9278754605939467,0.32054794520547947,94.50817128619062,-3.482720852095118,0.000006847648692050302,0.0000008436061508145675,0.00000009333372981299602,0.0000067146160883432414,0.0000003513928776965762,0,0,-1.8538760030296402,0.8748343038309182,45,10,1.029154963806019,0.00003562196871388988,50,0.03287671232876712,0.000043915581834909146,0.24938770991480733,0.00000002781126575262098,0.04943879912908882,-6.895316554919244,-2.106196844794096,0.47723762690120886,8.984297591592492,50,0.32054794520547947,0,2.581119396768826,-0.05214202686947744,0.10472757921863023,0.668934619813214,0.00000000004579755954980537,0.0003070726388965026,0.000002562431237598538,0.000012804843240467181,1.9979858156428651,0.000012535727612381587,0.00000000019750174897077223,0,0.000015270049775819894,0.06209458903838513,20,0.0000000419506861973074,214.2362989391374,0.0004383778420257,0.00017071263087872274,0.0001284095856135,0.00001302977757079913,0.0001126629951178754,0.000000012692950468930417,1.5519963425512222,364.00000011114435,0.01506849315068493,0.0001714247914706874,182.5,1848.2888831225655,0.9293766189176131,0.0027397260273972603,1.4049929438217732,0.00007683198723903425,0,0.9559168118044786,0.00018320944178001073,-0.779516155112224,0.11232876712328767,0.7369257375283693,0.36712328767123287,138.22393172590017,-2.216564383565056,0.00009789338921176336,0.000014727126620161045,0.0000010671227415853094,0.0000708510399721632,0.000007744287965350017,0,0.016438356164383564,-0.6298263424793618,1.011820128442977,56,8,1.0329571736879755,0.0004253480644549008,55,0.021917808219178082,0.0002045379006699381,0.6340509472997317,0.0000003295729247882034,0.07720566575056105,-1.8571861172362887,-15.118345436098556,0.5011800173251619,5.387696062209987,57,0.36712328767123287,0,1.829380274247276,-0.044898442075422235,0.11991393038161939,0.23081301444640345,0.000000010344931301448726,0.00536067408973862,0.000010186432335266588,0.0001314285028810051,2.002960874829432,0.00013102814584807826,0.00000002254534447429729,0,0.36665097797164314,11.412462160582148,46,0.001007282906515503,206.79759350730177,0.0430054185912012,0.031353042574440645,0.0303177426755427,0.025158090982586,0.004637881913641427,0.00002150994864488227,1.7676937386527316,364.00001681644056,0.01506849315068493,0.0311720998336871,182.5,69.49796510389184,0.9493823543887047,0.0027397260273972603,1.159850892618016,0.02783519012387828,0,0.9975162864397251,0.0061150220994892965,0.25490870375351404,0.10684931506849316,0.9776605824340567,0.08767123287671233,51.89951348855425,-1.161461314823769,0.003621152671303984,0.00019418519934715612,0.000014240386974298353,0.0026591374047778005,0.00013929350763305232,0,0,-1.4206921045384016,0.5610760815713347,45,5,1.0264787077781499,0.017847327608615203,46,0.019178082191780823,0.03169421441398367,1.0706386829376902,0.00003385244100184571,0.014897613633518065,-16.889585696958886,-1314.8611419280583,0.2657321659221869,33.81397721223039,55,0.08767123287671233,0,5.359455703320998,-0.06115283854784213,0.05883801739374687,0.29107792447097225,0.0000069547208733125665,0.07068341256236482,0.0018219046968587305,0.006746229665539061,1.9502049221658195,0.006482207587180349,0.00005184388686055557,0
37,"Kurnia Maulinda Sari","Labang, Bangkalan",0.0000002716314452421901,0.007312903797278412,3,0.0000000010736420760560874,113.23501724740962,0.00007062679695542674,0.000028507922219006405,0.000026438591655323303,-0.00001582648275123416,0.00001602228165723786,0.00000000025671350950386075,0.9422029957526603,253.00000001970108,0.021653543307086614,0.000029678316650461056,126.5,18924.06200568516,1,0.003937007874015748,1.8364895717411394,0.000023077493116763246,0,0.7545308042799053,0.00002305794816948037,-0.3040607550722698,0.20866141732283464,0.5735436117403564,0.42913385826771655,50.332595479062974,-2.543482743784344,0.000013019103798646694,0.000009465363783503636,0.00000003177104409684688,0.000010534426233077958,0.000007584487493161873,-0.00000006856924431872865,0.07874015748031496,19.101288598294733,1.4433705514769921,63,11,1.033793380402222,0.0000864532797066609,63,0.25984251968503935,0.00003270191338054671,0.19851722260546864,-0.00000002916392851139825,0.13107832092341454,-1.5248691611240808,-0.9675833726641354,0.7742076999483837,2.8682400323456503,41,0.42913385826771655,0,0.9818768361786556,-0.043904224542809185,0.14010231993885003,0.4573646268663454,0.0000000004747317431010852,0.00239473703722642,0.0000017862415634208403,0.000025707809841803226,2.1459800952864354,0.000025630727618290652,0.0000000007100611111128972,6,0.000012926913928066184,0.03673721604582858,1,0.000000051094521454807053,132.3337290020165,0.0005886498838663,0.00005953165384910107,0.00006736883369740099,-0.000458937822259,0.00021759904437177846,0.00000004734934411151121,0.6667133421758843,253.0000094009534,0.021653543307086614,0.000045987429985000004,126.5,2139.899709685828,1,0.003937007874015748,1.9741675819975177,0.00011723541610991512,0,0.67670398812709,0.00025868457169050366,-0.12046234798034261,0.2283464566929134,0.12927206243755754,0.46062992125984253,11.206122299241805,-1.2367002136154168,0.0001686133897054743,0.00021657572281679857,-0.0000020812119178637364,0.0001312500817220739,0.0001720879317872,-0.00002080987542285584,0.2125984251968504,49.03355550229559,1.2304466202208397,72,13,1.0383251512193579,0.0010475877061253002,72,0.40551181102362205,0.00022559557159111172,-0.18088080082820557,0.0000001375633932720345,0.21977805885324503,-0.16191807746968406,-3.279880747010563,0.8979616732763418,1.929805784662409,40,0.46062992125984253,0.007874015748031496,0.16886268287739495,-0.011157518969877572,0.1423390894902484,0.2267950112961934,0.00000008528456896452624,0.05479365787265004,0.000004473748389441103,0.00025786679979227563,2.1835269144510026,0.0002578248162604077,0.00000006769701160534444,97,0.21258530088533398,7.265220332544363,2,0.0008402581062661422,125.03254973643554,0.0374665672832256,0.028723479690881133,0.0287673287093639,0.0202053869143128,0.0034513356737799266,0.00001191171793310594,0.8894103227396672,253.00160758598727,0.021653543307086614,0.0286828338663847,126.5,123.41950837339915,1,0.003937007874015748,1.9596044098268444,0.02969903611721484,0,0.762689101724788,0.00448186102706025,-0.19409212260967523,0.2125984251968504,0.8401502543018634,0.41732283464566927,18.13525694566815,-0.07426169638623353,0.0027280415722521975,0.0028565594805707605,0.000023666938597505524,0.0022583117145089492,0.002534614875912701,-0.00021633598953479938,0,21.443926104838813,1.2932781594947045,70,11,1.0373237989034698,0.0172611803689128,70,0.42913385826771655,0.028930088203902297,0.09451238937555938,-0.000004067279461348596,0.08899425748319234,-7.0207113596125295,-532.8434363591876,0.8277667168534456,3.993116652147819,40,0.41732283464566927,0,1.4701575672311744,-0.05944107354544937,0.137551838981823,0.5969345543072012,0.000019073091408881947,0.7227095485844024,0.0024544514225831853,0.008557223558275548,2.147130606658797,0.00815324923487463,0.00007536289824483157,0
38,"Deo Candra Saputra","Widodaren, Ngawi",0.00000021960915211994033,0.00863733452555631,2,0.0000000006016689099176447,196.11674580770614,0.00004286910541692557,0.00002366211619004456,0.000023285201747560652,0.000006458131861702726,0.0000063347662309684115,0.00000000004012926320101773,0.831174804038375,365.0000000080812,0.015027322404371584,0.000023500000000000002,182.5,57742.101306274984,0.8951075515557514,0.00273224043715847,1.9734656833922672,0.000022843069961553,0,0.6819696650074284,0.000008348191384138743,-0.1274852014718184,0.20218579234972678,0.7664051757274185,0.4344262295081967,21.655287364924387,-2.6362354599199467,0.000005055349379235063,0.000005111790907828673,0.000000021369863013698612,0.000004185201747560652,0.000004099999999999998,0.00000019999999999999809,0.09016393442622951,38.77189687832727,1.3142700704895516,83,13,1.0302248960258216,0.00003641097355522284,85,0.3442622950819672,0.000024495407851109292,0.24210757145466988,0.000000014966783689878863,0.13635147203872783,-2.671073674996142,-1.1388784148986306,0.8738182606792223,2.4861734829204263,57,0.4344262295081967,0,0.8384680498386735,-0.02932692918953626,0.14785417916722002,0.6723272417580048,0.00000000007018875935883442,0.0018658036813574655,0.0000014135126171890228,0.000009392982724140703,2.1837239966251287,0.000009258579634888118,0.00000000008858278573683268,0,0.0000030754896450026055,0.02227262164346172,2,0.000000008425999027404398,197.85769588903335,0.000272,0.000021705342371391488,0.000017152803653183363,-0.000208,0.00008906096386565186,0.000000007931855284678945,0.7173739106574709,365.0000017804318,0.015027322404371584,0.000023749999999999998,182.5,3863.987635239567,0.9807491539928984,0.00273224043715847,1.96733947133543,0.000007999999999999991,0,0.6823871671585199,0.000119425,-0.11669568260415408,0.20218579234972678,0.13669496062201655,0.45901639344262296,11.348745561541492,-1.481351613671561,0.00007025972855823207,0.00007636332585620949,0.00000004657534246575381,0.000060528287982207404,0.0000624734782686776,0.0000008436542338371053,0.1830601092896175,39.05422251179803,1.2159506766858494,94,16,1.0326928842411969,0.00047999999999999996,93,0.4153005464480874,0.0000916677542658173,0.2567836101735767,0.00000013869040707931767,0.20264866432949652,-0.12622442400237233,-4.845788404441819,0.883372014679003,1.9725410763408966,61,0.45901639344262296,0.00819672131147541,0.3749417315849188,-0.012218981566677509,0.14327284340713997,0.23320785912712716,0.000000013915734212211666,0.027872613937516465,0.000003629239917302815,0.00011258491452334302,2.1897836140165308,0.0001125028567355389,0.00000001281408495737313,124,0.322897264747946,10.775319800964262,4,0.0008846500404053315,186.5383807241476,0.037933614,0.029528130687060828,0.029168054,0.02035817277225277,0.0032128588391118094,0.000010322461920058885,0.9329380061127401,365.00132379471836,0.015027322404371584,0.0296005795,182.5,87.63879355735685,0.985241018061222,0.00273224043715847,1.905550739265294,0.02826712132473902,0,0.7709611474480842,0.005033060249999999,-0.4437680004660267,0.1885245901639344,0.8983358365694976,0.3907103825136612,32.31239722959734,-0.05229736533109165,0.0026431135998462173,0.0021174294284794877,0.000018364632876712322,0.002428683000000001,0.0017975050000000013,-0.00002124154382315835,0,14.428481868862258,1.1038951971739925,98,16,1.0343261093714786,0.017575441227747228,99,0.36885245901639346,0.02970240670033663,0.24310727340917201,0.000005194547998272217,0.07986474378274104,-7.434688900950353,-1200.247477651987,0.7576452456906514,4.421007912369991,57,0.3907103825136612,0,1.6132583409408576,-0.04390329290870749,0.1316663472473282,0.5050938981926669,0.0000145252542360539,0.772861741395013,0.001806164008966912,0.007631106859402346,2.1445062946763938,0.0073891430014296055,0.00006215947692302504,0
39,"Rifqi Fairurrafi","Bangkalan, Bangkalan",0.00000035611441990821167,0.010020423102338152,4,0.000000000991962172446272,191.3237958076679,0.00007036224452206328,0.00002632426369155174,0.000026886256995593934,-0.000027422525947468113,0.000017211620001176692,0.0000000002962398630649056,1.3239782803929157,359.0000000133661,0.015277777777777779,0.000027176198257496254,180,24361.119023335734,1,0.002777777777777778,1.8156770990571598,0.000026359097810774152,0,0.8606642334786659,0.000019480106815741063,0.8876161076983053,0.17777777777777778,0.6122712713126661,0.33611111111111114,48.567774597690274,-2.406187722880159,0.000012829019185765673,0.000006227734766632188,0.000000027511664978351688,0.000009623903245378781,0.000004719855496659878,-0.00000028181330679701076,0.05555555555555556,-18.559524840350512,1.1006592605780825,41,13,1.0152149077980732,0.0000977847704695314,42,0.10833333333333334,0.00003145165690336925,-0.30943764113246597,0.00000002702202052295029,0.09302007669356703,-1.4272156044742417,-2.5947146957615495,0.710770255003406,5.076785669387213,53,0.33611111111111114,0,1.5540241850499814,-0.04117256199889442,0.10886013217094298,0.49181127767727606,0.000000000528850025025603,0.0022357567812209553,0.0000011531977778849276,0.00003282476913138492,2.1211801175030733,0.00003280281345700221,0.0000000012006850586321924,10,0.00003203745881519138,0.07751269239773281,3,0.00000008850126744528005,202.24439736466383,0.0010311508176748148,0.00009750531213200626,0.00009020102858274548,-0.0006611991107871679,0.00028062461831928205,0.00000007875017640684273,1.1046135110294701,362.00000576052736,0.015151515151515152,0.00008970603134195183,181,1736.3586791910127,1,0.0027548209366391185,1.870779930133397,0.00010035835702072439,0,0.826177980922872,0.00031859808586881555,0.30782195270814317,0.1928374655647383,0.27704399662330514,0.3939393939393939,22.159722857598005,-1.10480960994564,0.0002169311168662894,0.00013173035416952434,0.0000002125743575564354,0.00016576538495055452,0.0000970954099289108,-0.0000018175552187543203,0.0881542699724518,-3.3461519673445856,1.2499691789909662,50,15,1.0180545925577107,0.0016923499284619828,50,0.22038567493112948,0.00029708157516211383,0.38722240271179753,0.00000023498409956818292,0.1329604767726487,-0.2308582862889745,-30.74352032629431,0.7868767920020366,3.3837768923362916,64,0.3939393939393939,0.0027548209366391185,1.1134321490262657,-0.030518478948384904,0.12166003803254695,0.1517352567105127,0.00000014978130271092473,0.04768638820936781,0.0000020233272350340634,0.000517269925252377,2.143982227347093,0.000517264292936834,0.00000028974522277127066,74,0.30406985848550616,10.38070237580039,3,0.0008376580123567662,180.35857074740915,0.03925357783191838,0.028607797188216235,0.028532265685498652,0.016026550096653838,0.004117122067530696,0.000016950694118948234,1.1904397390961725,363.0016320290222,0.015109890109890112,0.028665913268923753,181.5,90.18232834529188,1,0.0027472527472527475,1.9027461547718505,0.028801415351049336,0,0.7892788026391591,0.005119521467028151,0.28896745863295914,0.18956043956043955,0.8784448129224206,0.3763736263736264,27.73255407758252,0.0973671653611193,0.00320032098024272,0.00220225028332407,0.000025873044223496428,0.0026247063677453525,0.0015344648293535643,0.00004990139514877631,0,1.8527785112303736,1.187787586954004,57,16,1.0202505305253453,0.02322702773526454,56,0.21153846153846154,0.028902538886420703,-0.15244211520949216,-0.0000010087149465784057,0.07937381659223328,-5.744971946264305,-1301.4045955348536,0.7897729606530568,5.059360259594735,60,0.3763736263736264,0,1.7036940520798565,-0.04426794779788101,0.12190545959059162,0.7444821101874175,0.00003139924993222108,0.7994168528466374,0.001710154453967339,0.009757597227299025,2.1352358066992636,0.009582378074609875,0.00010257242017591119,0
40,"Fathan Ruhul Alam","Warudoyong, Kota Sukabumi",0.0000005330091044825335,0.012649826527645387,29,0.0000000014602989163905029,213.86076121410628,0.00006888131611049175,0.00003466947864356228,0.00003652301352283189,0.0000029569671653462137,0.00001594792397851147,0.00000000025433627922438117,1.255332515985903,365.000000005753,0.015027322404371584,0.00003424366059334716,182.5,32739.118615472053,0.9967915256654832,0.00546448087431694,1.5595646605305737,0.00003921535908517626,0,0.9399374457791743,0.000016685669455303767,-0.3665476856979413,0.1284153005464481,0.7920450053740294,0.3743169398907104,61.584879715872944,-2.9065456253442994,0.000012321647518539494,0.000002539117249408642,0.00000010052092264929456,0.000008101763686497794,0.0000009382256885638086,0.000000024997562933189773,0.01912568306010929,9.196054693082758,0.8168559370747199,22,11,1.0083795418602632,0.00006592434894514554,22,0.11475409836065574,0.00003816161721731407,-0.3060586493020776,0.00000007742972875590186,0.08360954236548718,-2.4990523398054623,-2.4701122702884786,0.4948407657223581,4.715684900654611,57,0.3743169398907104,0,1.6225244152657818,-0.04293695005468747,0.12270151437221628,0.33037447036145173,0.00000000021180245379582255,0.0009267777960341542,0.0000015426064110148738,0.000017834664309975555,2.0510778336828617,0.00001776289075281459,0.00000000037020647478595453,0,0.000012391128939004958,0.049975254541417824,5,0.00000003394829846302728,162.16026347760956,0.0004879311183887,0.000022579333861366763,0.00002307273734913906,-0.0004397374856732,0.00018260809738774127,0.000000033345717231570806,1.248793009284871,365.0000027733263,0.015027322404371584,0.000015829929907350002,182.5,2144.8556301267035,0.9911280921816754,0.00546448087431694,1.784548070704976,-0.000022286613845345048,0,0.8809487949641661,0.00024226631458634999,-0.300522805268423,0.1721311475409836,0.23721629580835304,0.4562841530054645,39.85952937566482,-1.389597944263426,0.000145819206476513,0.0000756866059509258,-0.0000002737573670120026,0.00012037233059695258,0.000035155972727807236,0.0000048071933633764274,0.09836065573770492,6.846476313944382,0.9754594724233553,38,12,1.013878622778532,0.0009276686040619,37,0.2459016393442623,0.00018399875964036788,-0.011570244832499901,0.00000008741859223940804,0.1562580872241139,-0.025967255654212217,-15.940651301988002,0.7581429337244889,2.4386460312365226,55,0.4562841530054645,0.00546448087431694,0.8575111135998315,-0.024190040006562386,0.14697288557440577,0.12389315556282698,0.00000006648523801931623,0.027625611172087915,0.0000006465527724748048,0.0003423713674216139,2.0880156565823795,0.00034237052858152186,0.00000013693869442699064,66,0.2933008008846327,10.24481995357198,5,0.0008035638380400896,190.38230398134175,0.037859309464693,0.028070169291077265,0.0279939056684573,0.019468592479825,0.003665229105829687,0.000013433904398221088,1.0868815902387874,365.0010204734863,0.015027322404371584,0.027764181420206903,182.5,95.95289635334413,0.9993583051330969,0.00273224043715847,1.8715455797246188,0.0277444151230156,0,0.8024069041305473,0.005192149853841827,-0.2798007263098157,0.1721311475409836,0.8959520722600417,0.3770491803278688,63.5746973038993,-0.05445970358464704,0.002936969923584854,0.0016830490264174054,0.000030010428330669587,0.0026072319597005515,0.0011772895231842995,0.000003483767310800273,0,4.526727595645638,1.1043070113830278,57,15,1.0206389047348732,0.018390716984868,58,0.2814207650273224,0.028308449417584817,0.13884260870606902,0.00000952466330405525,0.07381550658672976,-6.914684562577903,-1218.143369774696,0.6664760074417733,5.269654364513172,59,0.3770491803278688,0,1.80691951375746,-0.04546429465752544,0.12468059757151576,0.39798755936110575,0.000016379397490191624,0.614312894642353,0.001803231771237375,0.00833734097891178,2.1320562724537377,0.008114372343289386,0.00007485103515774696,0
41,"Laila Maghfiroh","Kamal, Bangkalan",0.000001128906991184609,0.017019918570060168,5,0.000000003092895866259203,165.6527228998055,0.0001274726421003,0.000046011523501631886,0.000040645892636352714,-0.00003703685888467592,0.00003110281395893731,0.0000000009673850361642654,1.0662722200433292,365.0000000745842,0.015027322404371584,0.00004477097495096545,182.5,11978.500369232415,1.0000000000000002,0.00273224043715847,1.8164031387210884,0.00003699241655856324,0,0.8094068245407405,0.00003711964075935215,0.19383818411797726,0.16939890710382513,0.5632039713938114,0.43169398907103823,42.61822393733317,-2.173369629395068,0.000024211843286610594,0.000014009920792199349,-0.00000007597171831660737,0.000017806136452240666,0.00000944339899433964,0.00000043392208571146337,0.06830601092896176,12.505468888073276,1.0030974909899615,75,15,1.0263972476318286,0.0001645095009849759,75,0.20491803278688525,0.000055537782914926385,0.7295117202904504,-0.00000003124446720668714,0.12608518036581662,-1.1968559121726265,-4.210063436191353,0.7339014960965052,3.018073846666557,62,0.43169398907103823,0,1.07989162740564,-0.0319761391206424,0.1404162103030282,0.2893126643752758,0.0000000016665412360743766,0.005113621089152762,0.000001458427381357219,0.00004855099188556918,2.13873139289406,0.000048524855742157756,0.000000002599609662318681,8,0.00002600204154921877,0.06625123407001718,2,0.00000007123846999785964,198.91062086197712,0.0007377922302111,0.00005150926722220956,0.0000428860107466595,-0.000601090402845,0.00026151601243457577,0.0000000683906247596812,0.8843664957994658,365.0000134757219,0.015027322404371584,0.00004991108659550001,182.5,1407.9067506268107,0.9993583051330969,0.00273224043715847,1.9536966705225276,0.0000014067820302449434,0,0.7228738339910001,0.00033927796602185254,0.0009277921320065552,0.20218579234972678,0.11268276236213128,0.4644808743169399,24.831927378934523,-1.0316140472274649,0.00020632248046206295,0.00019866348261670386,0.0000005074580557238376,0.0001723181955618595,0.0001428714931535,-0.000010061291595753461,0.16666666666666666,28.273130683996204,1.155335867236705,79,18,1.0280679954227607,0.0013388826330561,80,0.33060109289617484,0.0002665404835469655,0.12425200183371667,0.00000037234122871318784,0.19612151987198362,-0.09567630562509005,-15.831568921531744,0.8667199922495216,2.008875409351378,58,0.4644808743169399,0.01092896174863388,0.4489941413195584,-0.013903306975455235,0.14401853554906385,0.18591286144835373,0.00000012521765788774466,0.07251217115509691,0.000007245949344421224,0.0003700725125440835,2.182635843897576,0.0003699603661630073,0.00000014074591230655439,120,0.30914556874774207,10.509738923241326,2,0.000846974160952718,183.76087334979044,0.0396603574710232,0.028811552974565783,0.02873737231961315,0.0184929344270911,0.0038150280594937205,0.000014554439094724424,0.8073091762399502,365.00251783778776,0.015027322404371584,0.02874820167198775,182.5,100.41968322811206,1.0000000000000002,0.00273224043715847,1.9496853230937354,0.030135017101253755,0,0.7231573971421021,0.0050476184838704995,-0.18840478779989667,0.19672131147540983,0.8599943376160623,0.4180327868852459,12.15055396701985,0.13719686830992625,0.0030775510981288887,0.002800657641799657,0.00000243600815126411,0.0025097619605255004,0.002263801544904801,-0.00017605346034879968,0.00819672131147541,23.138722022516916,1.0876454334153307,74,15,1.026061871834679,0.0211674230439321,74,0.33333333333333337,0.02906303535250464,0.18742090900295522,0.0000018068541141690784,0.09773770521010862,-5.539658998557144,-1207.5364817285401,0.8618840494527498,3.7063660428927188,62,0.4180327868852459,0,1.3513201972566256,-0.03929118676364295,0.13723832504143257,0.8106018192803345,0.000027668051693996197,1.022240039256875,0.0016627593272395284,0.008029569239094111,2.166901872453484,0.007822413955542607,0.0000657197730399894,0
42,"Dewi Geizya","Banyuajuh kamal, Bangkalan",0.000000965646900857543,0.015911713988913136,5,0.000000002645607947554912,167.82224817162444,0.00015615392330129427,0.00004359339274279335,0.000036071299746254226,-0.000000681973688188009,0.000027166074793983504,0.0000000007379956197123059,1.3499484569030333,365.0000000375243,0.015027322404371584,0.00004263455760624282,182.5,11422.346296279751,0.9878160855150226,0.00273224043715847,1.8090772151115295,0.00002284341086023433,0,0.9290242783249064,0.00003248094986146799,3.05019045245035,0.16666666666666666,0.5782948979976646,0.4098360655737705,73.04564929616257,-2.233626271629059,0.000020491356884187405,0.00001054217860838832,-0.00000007284318985200597,0.000013966195375139733,0.000007829407422832446,-0.00000000911590179639946,0.05191256830601093,-4.045534214708996,1.214534413671573,68,15,1.0242099061273877,0.00015683589698948228,67,0.19672131147540983,0.0000513651585273494,1.5314489035658965,-0.00000002498198369968782,0.10808516104490165,-1.4612268528100998,-3.976655735175342,0.6828808085465441,3.898559853246299,63,0.4098360655737705,0,1.3543068967933385,-0.0366210324730195,0.12888101397123122,0.5554144340220051,0.000000001437779029990628,0.003847895192061737,0.0000019046781335547502,0.00005439640875937012,2.09374132822028,0.000054359334357544357,0.0000000034797000582404038,2,0.000023398097861861527,0.06277139510400069,2,0.00000006410437770373021,175.6205677361485,0.0007268053410152497,0.00005862175402323752,0.00005796097692028184,-0.000658636010823789,0.00024595267651726877,0.00000006049271908600824,0.8998812162368549,365.00001249683123,0.015027322404371584,0.00005182936798417809,182.5,1636.1185903346457,1.0000000000000002,0.01092896174863388,1.9533146902582297,0.0001033567326876822,0,0.6849976201434625,0.00031268583058017776,0.12943752766201744,0.19672131147540983,0.12457023179138914,0.4644808743169399,17.900677806695796,-1.0513525048731263,0.00019296276704035075,0.0001852652403098634,-0.000001098172537215073,0.00015486352996851816,0.0001225460982823,-0.000002125512749597187,0.16939890710382513,31.873503776282856,1.2173294003712531,84,19,1.029397315599313,0.0013854413518390386,84,0.4262295081967213,0.0002528423009125831,0.027310301540679666,-0.00000004358491122672625,0.1993907098535194,-0.13255989751211142,-14.116228915495073,0.8753322613261435,2.033464077155118,60,0.4644808743169399,0.01092896174863388,0.47319626443762547,-0.013059694613592404,0.1447584210885904,0.2699601079322269,0.00000011563684781173485,0.06762181271310014,0.000006230670382277024,0.00033461615972788135,2.185398337096293,0.0003345217939137802,0.00000011408169325047965,109,0.30935159404354906,10.4922645994392,3,0.0008475386138179427,179.99942707126223,0.03968999382097587,0.028745612503351236,0.02896505790289257,0.007122085193473399,0.004348872997960911,0.000018912696352393524,0.9138529747218075,365.0021311402443,0.015027322404371584,0.028741243025813566,182.5,104.01682811285633,0.9943820336295452,0.00273224043715847,1.895762045169198,0.028291225801350007,0,0.7352177487035623,0.005145169857313926,3.536149915822029,0.20218579234972678,0.8577278238284328,0.3770491803278688,30.174359404312707,0.10216196713354274,0.003244708123904409,0.002544838408439066,-0.000004957356069186029,0.0025816984692713374,0.0018908862508989557,0,0.01092896174863388,11.001544142616398,1.0245816429467427,68,15,1.0243787874691415,0.03256790862750247,68,0.28415300546448086,0.0290727180453637,-0.9612239443224597,-0.0000022300051413552106,0.08608395472964904,-5.18114134993772,-1338.892829371685,0.8219412245161085,4.2711501024199325,57,0.3770491803278688,0,1.508743488912482,-0.04229842954332442,0.12626614535940256,0.7595695785192662,0.000036624297184447577,0.9288660190802591,0.0017195903055845425,0.009594582323968464,2.143826742219515,0.009415195500915168,0.00009878010928911105,0
43,"Fathul Aziz Saifuddin","Dukun, Gresik",0.0000003544847034707435,0.010608442020428266,3,0.000000000971190968412996,203.9194410026186,0.00005755709298682632,0.00002904683656631919,0.000027843890620715683,0.0000011186188894269296,0.000011172230156349146,0.00000000012481872666643728,0.8884506685910234,365.0000000125179,0.015027322404371584,0.000029273349946379318,182.5,31723.469935477682,0.9993583051330969,0.00273224043715847,1.9033646637204307,0.000026515932233256654,0,0.8132138797140541,0.000014732335927192253,-0.19323993993064725,0.18032786885245902,0.6756852533934384,0.4098360655737705,63.24167921301745,-2.5231853528958905,0.000008852901607326295,0.000005600115782256925,-0.00000003717708351945339,0.000007220008001240785,0.000003343542796977631,0.00000017883218851782106,0.07103825136612021,11.932101594746188,1.0495321009949992,57,17,1.0206389047348732,0.00005643847409739939,58,0.2650273224043716,0.000031121334180540766,0.3710794092786276,0.00000002691157391741467,0.11972509692507603,-2.1694868745634452,-1.8247231783505193,0.721469661962607,3.2278099853411404,58,0.4098360655737705,0,1.090257446416183,-0.033617354542013284,0.13464934335000342,0.3581557099994599,0.00000000017308048386709028,0.0020440422605237777,0.000002204954114111894,0.000017807943637988008,2.154730844549009,0.000017643181837276146,0.00000000033173935383362214,0,0.000008704173307462246,0.04011412894168504,2,0.000000023847050157430812,201.6708009533536,0.0004007501265732,0.000043615984290566663,0.00004496033514556075,-0.0003249244573453,0.0001479173424485742,0.000000021879540197048775,0.8157811288867521,365.000003420399,0.015027322404371584,0.00003815325504233183,182.5,2835.5282988990066,0.9993583051330969,0.00273224043715847,1.9242518829007758,0.00007419656380987501,0,0.7603768334871186,0.00018587871471702065,-0.07466016328838299,0.1994535519125683,0.22699143398120922,0.4562841530054645,24.55927033967962,-1.3271441049919677,0.00011518667979765071,0.00009885043126652765,-0.0000004393888409374453,0.0000929471545986866,0.00007853383931431221,0.000004580751465255162,0.1557377049180328,30.07797253436529,1.2046169320392706,72,15,1.025558035445763,0.0007256745839185001,72,0.3469945355191257,0.0001542137940739535,-0.0001278836923633044,0.0000002952017401760151,0.1811055629318622,-0.1593781965065328,-10.919864753371314,0.8327296067770761,2.2059431360344224,62,0.4562841530054645,0.00273224043715847,0.5494423660113585,-0.017778164959063526,0.1414355319997069,0.2591513091163775,0.00000003666819799604,0.03608040741228259,0.000003630592160444471,0.00021270558379143988,2.1677537823577673,0.00021266024322687488,0.00000004725829551334446,92,0.31305731140462134,10.6021482689296,3,0.0008576912641222503,182.94253049628176,0.0385938324034214,0.029046219790382136,0.0287622321241845,0.0203225445002317,0.003415400599729306,0.000011664961256631304,0.8553958016080714,365.00151731279124,0.015027322404371584,0.028876492677581647,182.5,94.75247124175941,0.9993583051330966,0.00273224043715847,1.8550322511381083,0.028544624056667064,0,0.7977577310130347,0.0049142767974688535,-0.14018091079384076,0.18579234972677597,0.9090758061918628,0.412568306010929,19.236414322130354,-0.07502584518754746,0.002773553277092476,0.0019505157758825066,0.000018201732676323014,0.0024479531157720995,0.0011034829076379017,-0.00014594336971639893,0,17.969039770026658,1.2379974029973948,73,13,1.026061871834679,0.0182712879031897,74,0.38524590163934425,0.02924633045986826,0.28060937019491355,0.0000006541060028373121,0.08238242273615669,-6.728633535619302,-1215.8749791044927,0.7898871861834845,4.4001480351063815,56,0.412568306010929,0,1.5985412079497132,-0.04325360748195065,0.1323956641646164,0.5533437066758501,0.000018214290459889416,0.7119382581971149,0.0017627358678789342,0.0077341263240843445,2.1242346604195257,0.00750777271865976,0.00006447485566390673,0
44,"Moh Rafie Nazar J","Kecamatan Bangkalan,Bangkalan",0.00000025264386730469545,0.00901017789204758,2,0.0000000006902837904499875,180.6603628451868,0.0000556335249924067,0.00002461145276161361,0.000023984756576372128,0.0000030495935970291006,0.000009092815908729424,0.0000000000826793011500429,0.8273467490851258,366.00000001145844,0.014986376021798364,0.000024341662618556347,183,42040.457969709394,1,0.005449591280653951,1.9144798843152506,0.000026712362724949023,0,0.7803531395666226,0.000011477398444857056,0.10236568448772232,0.2016348773841962,0.7050740203090319,0.4359673024523161,23.684744579724452,-2.541152819904987,0.000007169119870672734,0.000006151046848078651,-0.00000001993467949976466,0.0000056490786008390735,0.000005178814237412531,0.00000003324214380362848,0.07901907356948229,23.106535169563262,1.2879798734495358,85,14,1.029637836069773,0.0000525839313953776,85,0.33514986376021794,0.000026237433338403758,0.3526698070318046,-0.000000000841171250686801,0.13275866458032712,-2.014019705787351,-1.4799302084026873,0.835516438641619,2.714549888082605,61,0.4359673024523161,0,0.9352847027094793,-0.030242854551714136,0.14342572447265475,0.6114575725826614,0.00000000015557884236901697,0.0022512831463967864,0.0000011942705024932602,0.000013925242778977225,2.1679542094486837,0.000013858857679049649,0.00000000020006809213126195,0,0.0000032352668878631783,0.023477782626503508,2,0.000000008839527016019613,197.0126242489413,0.000257623490206,0.000031270558615817175,0.000027202632288623336,-0.00018680260188712398,0.00008853018284855484,0.000000007837593275198553,0.828350381092551,366.00000159107276,0.014986376021798364,0.00003581131279452098,183,4318.1853138234455,1,0.0027247956403269754,1.956245043844811,0.000013189139554781805,0,0.7170752516154659,0.00011120894007627295,-0.06317592457843446,0.2098092643051771,0.18414132710355902,0.4550408719346049,11.33942170882432,-1.4940275383909167,0.00006910535738781805,0.00007168773601532923,-0.0000004090181267358334,0.00005629707219899845,0.000055717640140802096,-0.0000015626137976129927,0.1662125340599455,34.06889008085568,1.1378571349841229,103,15,1.0355178411607526,0.00044442609209312397,103,0.38419618528610355,0.00009389058052511875,0.05727691797757691,0.00000016307131910272181,0.1944473688490815,-0.2025424488933652,-5.689144365689272,0.8864639755589415,2.054279052903364,59,0.4550408719346049,0.0027247956403269754,0.4610015294246919,-0.014237017851873498,0.14402508612665219,0.20353570880947236,0.000000014709647749622402,0.026237711381610497,0.0000019440592569986516,0.0001290442924982337,2.1797697863964247,0.00012902660206914028,0.000000017347661095273566,119,0.30096089792055936,10.433543628630632,2,0.0008222975353020747,181.84951728286882,0.03640220424007192,0.028511452853185914,0.0283084206464813,0.02166072758750115,0.002674696013267434,0.000007153998763388704,1.0829419287288602,366.0009009157657,0.014986376021798364,0.0283965061108271,183,121.73921825870548,1,0.0027247956403269754,1.9273948645222685,0.026820244415900918,0,0.730018905065425,0.0037622388811377125,-0.1522109389738655,0.1880108991825613,0.9160971900072529,0.3760217983651226,16.36691952238782,-0.06318447616397818,0.0021631424511384307,0.0017203441058361608,0.00002216798414515247,0.0018919240559055507,0.001435589232505901,0.00001028893692730029,0,8.960373722414856,1.4074969842928746,82,17,1.0284798481391852,0.014741476652570772,81,0.3079019073569482,0.02863663636956743,0.3048105317132193,-0.0000012200020053513822,0.07134683584092605,-8.306369544703255,-1164.8542575316928,0.8186528609541299,5.507426429193074,58,0.3760217983651226,0,1.8423420953706104,-0.04617685274300539,0.12181731458712707,0.678706824377233,0.000012571785150251826,0.6296459427360348,0.0016583239401427193,0.007121060887553783,2.151223156950103,0.0068984422976421395,0.000053483277329239945,0
